Time,Height,Resultant_acceleration,Resultant_velocity,AGC,classlabel
0.1,1310.19,0.657,261.8,45,6
0.2,1314.18,0.378,264.69,47,6
0.3,1309.84,0.671,267.57,48,6
0.4,1312.85,0.746,265.98,50,6
0.5,1308.61,0.71,268.76,48,6
0.6,1299.87,0.511,271.81,48,6
0.7,1309.16,0.686,274.84,45,6
0.8,1314.08,0.811,277.55,47,6
0.9,1325.73,0.613,280.07,50,6
1.0,1328.63,0.807,282.73,46,6
1.1,1326.29,0.688,284.13,50,6
1.2,1319.01,0.664,286.05,46,6
1.3,1314.72,0.609,289.17,50,6
1.4,1309.63,0.684,291.86,49,6
1.5,1316.31,0.866,293.93,48,6
1.6,1324.68,0.6,295.56,49,6
1.7,1325.57,0.815,297.32,45,6
1.8,1333.92,0.89,299.55,48,6
1.9,1338.22,0.856,302.37,48,6
2.0,1333.85,0.93,304.61,50,6
2.1,1329.02,0.868,301.92,49,6
2.2,1324.69,0.884,303.88,49,6
2.3,1326.45,0.646,306.48,47,6
2.4,1334.91,0.81,309.34,48,6
2.5,1347.43,0.683,312.06,49,6
2.6,1354.56,0.722,314.17,48,6
2.7,1349.72,0.887,316.66,49,6
2.8,1342.19,0.767,315.6,45,6
2.9,1343.16,0.877,317.94,49,6
3.0,1339.34,0.603,320.55,48,6
3.1,1351.94,0.942,321.93,46,6
3.2,1352.71,0.629,324.56,49,6
3.3,1344.73,0.731,327.41,45,6
3.4,1348.21,0.881,330.05,50,6
3.5,1355.83,0.842,331.62,50,6
3.6,1371.29,1.006,333.86,50,6
3.7,1379.43,0.607,335.5,48,6
3.8,1382.18,0.814,337.8,49,6
3.9,1394.62,0.628,339.65,45,6
4.0,1408.58,0.638,343.08,48,6
4.1,1409.33,0.8,344.85,49,6
4.2,1414.45,0.887,342.28,47,6
4.3,1430.74,0.613,345.21,46,6
4.4,1430.53,0.912,344.04,45,6
4.5,1424.62,0.774,346.71,46,6
4.6,1429.0,0.625,345.02,46,6
4.7,1439.19,0.672,348.18,46,6
4.8,1448.1,1.011,349.67,50,6
4.9,1446.68,0.655,352.19,49,6
5.0,1457.12,0.752,354.6,45,6
5.1,1473.84,0.752,357.32,50,6
5.2,1478.2,0.673,359.14,46,6
5.3,1472.18,1.0,361.23,45,6
5.4,1474.35,0.561,359.86,49,6
5.5,1473.55,0.594,358.21,48,6
5.6,1477.96,0.644,360.09,48,6
5.7,1482.45,0.57,359.32,48,6
5.8,1474.34,0.582,360.64,45,6
5.9,1481.31,0.857,363.33,47,6
6.0,1476.14,0.626,366.04,49,6
6.1,1470.34,0.857,367.83,50,6
6.2,1485.49,0.829,370.6,49,6
6.3,1489.69,0.526,368.52,45,6
6.4,1498.26,0.577,371.31,47,6
6.5,1508.56,0.661,368.66,45,6
6.6,1509.33,0.606,370.46,50,6
6.7,1504.23,0.71,372.63,46,6
6.8,1509.51,0.543,374.82,49,6
6.9,1509.72,0.705,376.33,45,6
7.0,1508.91,0.498,378.85,45,6
7.1,1499.1,0.632,381.14,49,6
7.2,1500.53,0.734,382.84,50,6
7.3,1491.37,0.782,386.04,45,6
7.4,1484.7,0.518,388.09,50,6
7.5,1471.26,0.517,389.48,49,6
7.6,1463.8,0.621,391.13,48,6
7.7,1474.54,0.387,393.53,45,6
7.8,1481.55,0.553,395.56,47,6
7.9,1483.46,0.685,398.26,45,6
8.0,1470.41,0.412,400.86,46,6
8.1,1469.81,0.651,403.82,45,6
8.2,1477.93,0.309,405.52,47,6
8.3,1483.13,0.33,407.12,46,6
8.4,1471.98,0.348,410.46,49,6
8.5,1473.95,0.285,413.51,49,6
8.6,1463.17,0.39,415.31,45,6
8.7,1448.46,0.335,416.58,50,6
8.8,1435.31,0.405,419.44,48,6
8.9,1429.53,0.609,422.62,46,6
9.0,1418.61,0.553,424.89,48,6
9.1,1429.21,0.522,426.44,48,6
9.2,1438.36,0.325,427.93,49,6
9.3,1425.27,0.362,430.76,49,6
9.4,1433.55,0.581,432.54,49,6
9.5,1426.49,0.475,434.37,49,6
9.6,1430.89,0.558,433.24,50,6
9.7,1442.12,0.55,436.32,49,6
9.8,1431.75,0.34,433.35,46,6
9.9,1421.95,0.346,435.18,47,6
10.0,1430.85,0.397,438.06,49,6
10.1,1437.98,0.1,440.58,47,6
10.2,1448.11,0.148,442.67,49,6
10.3,1436.65,0.338,446.1,45,6
10.4,1438.64,0.314,447.92,50,6
10.5,1425.51,0.487,450.28,49,6
10.6,1418.11,0.152,452.17,48,6
10.7,1406.16,0.37,454.32,50,6
10.8,1399.25,0.101,456.26,50,6
10.9,1386.48,0.465,457.6,48,6
11.0,1377.03,0.259,458.8,47,6
11.1,1372.25,0.336,461.62,50,6
11.2,1361.34,0.1,463.84,47,6
11.3,1353.94,0.41,460.97,49,6
11.4,1350.44,0.249,462.85,50,6
11.5,1361.12,0.392,465.87,46,6
11.6,1348.43,0.253,467.56,50,6
11.7,1339.77,0.125,468.99,45,6
11.8,1342.58,0.357,472.26,48,6
11.9,1342.63,0.275,474.87,46,6
12.0,1344.01,0.361,477.96,48,6
12.1,1340.66,0.101,480.65,49,6
12.2,1351.04,0.38,482.37,45,6
12.3,1349.2,0.187,483.85,50,6
12.4,1345.31,0.1,486.53,48,6
12.5,1342.8,0.179,488.59,45,6
12.6,1346.6,0.197,491.14,48,6
12.7,1347.1,0.124,493.19,48,6
12.8,1347.95,0.325,495.43,48,6
12.9,1360.2,0.1,497.74,50,6
13.0,1349.39,0.1,500.83,49,6
13.1,1347.83,0.193,503.14,45,6
13.2,1352.8,0.224,502.18,46,6
13.3,1356.22,0.323,504.78,47,6
13.4,1355.73,0.428,505.99,47,6
13.5,1349.67,0.249,508.0,45,6
13.6,1344.54,0.312,511.09,48,6
13.7,1349.2,0.366,514.44,48,6
13.8,1348.92,0.175,516.12,46,6
13.9,1345.93,0.483,518.42,46,6
14.0,1356.19,0.268,520.26,46,6
14.1,1370.53,0.445,517.76,48,6
14.2,1374.89,0.56,520.51,50,6
14.3,1389.94,0.561,523.18,50,6
14.4,1398.45,0.177,524.82,45,6
14.5,1404.2,0.383,528.06,46,6
14.6,1415.38,0.359,529.28,47,6
14.7,1421.25,0.268,530.49,47,6
14.8,1425.7,0.23,532.17,48,6
14.9,1431.06,0.444,535.5,45,6
15.0,1445.29,0.4,538.76,46,6
15.1,1441.49,0.518,540.61,47,6
15.2,1450.14,0.541,542.31,47,6
15.3,1452.69,0.344,545.01,47,6
15.4,1453.28,0.414,547.43,47,6
15.5,1460.58,0.615,549.22,46,6
15.6,1465.1,0.55,550.44,45,6
15.7,1462.98,0.388,553.86,49,6
15.8,1480.11,0.436,555.16,48,6
15.9,1479.86,0.367,557.6,45,6
16.0,1478.14,0.736,559.1,50,6
16.1,1489.16,0.479,561.1,45,6
16.2,1504.72,0.607,563.74,46,6
16.3,1507.26,0.453,566.35,47,6
16.4,1523.09,0.779,568.49,49,6
16.5,1515.38,0.717,570.98,49,6
16.6,1531.82,0.499,572.77,49,6
16.7,1530.24,0.566,574.34,46,6
16.8,1535.92,0.675,571.54,49,6
16.9,1536.55,0.445,573.93,46,6
17.0,1543.01,0.625,577.19,48,6
17.1,1548.53,0.62,578.96,50,6
17.2,1564.04,0.501,581.33,45,6
17.3,1566.37,0.746,584.65,46,6
17.4,1558.43,0.524,586.32,50,6
17.5,1554.98,0.916,588.34,46,6
17.6,1545.79,0.876,587.55,50,6
17.7,1562.23,0.853,589.02,48,6
17.8,1552.27,0.586,591.75,47,6
17.9,1545.7,0.633,595.11,46,6
18.0,1554.01,0.678,598.23,50,6
18.1,1563.27,0.718,595.97,49,6
18.2,1575.02,0.829,598.48,46,6
18.3,1572.85,0.837,600.52,47,6
18.4,1573.34,0.682,602.75,47,6
18.5,1577.83,0.654,604.57,46,6
18.6,1588.76,0.727,607.67,50,6
18.7,1596.69,0.593,610.82,49,6
18.8,1596.33,0.733,612.05,45,6
18.9,1607.4,0.707,613.76,45,6
19.0,1613.98,0.852,612.58,50,6
19.1,1603.67,0.941,610.49,50,6
19.2,1616.09,0.664,612.03,49,6
19.3,1611.07,0.942,614.11,47,6
19.4,1611.07,0.952,617.08,50,6
19.5,1614.6,0.883,620.52,50,6
19.6,1609.54,1.034,618.26,46,6
19.7,1611.78,0.883,620.28,50,6
19.8,1603.97,0.925,622.42,47,6
19.9,1593.6,0.944,623.89,49,6
20.0,1589.01,0.792,625.65,48,6
20.1,1594.36,0.991,626.92,45,6
20.2,1589.18,0.961,630.0,45,6
20.3,1582.77,0.661,631.71,47,6
20.4,1576.15,0.828,633.03,45,6
20.5,1565.2,0.695,635.47,48,6
20.6,1565.12,0.732,633.16,45,6
20.7,1574.32,0.677,635.23,50,6
20.8,1564.69,0.724,636.69,50,6
20.9,1569.06,0.922,638.09,48,6
21.0,1561.14,0.996,639.32,48,6
21.1,1564.51,0.892,640.59,50,6
21.2,1575.26,0.604,638.37,49,6
21.3,1573.14,0.861,640.54,48,6
21.4,1584.06,0.544,641.78,45,6
21.5,1591.31,0.529,641.21,46,6
21.6,1589.73,0.756,644.68,49,6
21.7,1595.23,0.876,647.38,50,6
21.8,1603.9,0.665,648.63,47,6
21.9,1595.24,0.779,650.08,49,6
22.0,1604.73,0.812,653.37,50,6
22.1,1606.0,0.579,656.52,46,6
22.2,1600.1,0.66,659.7,45,6
22.3,1588.48,0.509,662.33,45,6
22.4,1577.06,0.626,664.99,50,6
22.5,1562.82,0.837,664.28,46,6
22.6,1556.13,0.845,666.75,48,6
22.7,1550.65,0.45,665.11,47,6
22.8,1545.88,0.593,668.47,47,6
22.9,1553.53,0.739,669.94,48,6
23.0,1563.25,0.684,671.83,47,6
23.1,1553.37,0.551,673.68,48,6
23.2,1557.68,0.742,676.28,46,6
23.3,1543.23,0.445,675.15,46,6
23.4,1540.29,0.532,677.2,46,6
23.5,1540.46,0.737,679.57,50,6
23.6,1544.76,0.689,681.9,47,6
23.7,1536.94,0.687,685.4,46,6
23.8,1525.28,0.393,687.26,47,6
23.9,1530.92,0.712,690.42,47,6
24.0,1519.79,0.635,693.45,50,6
24.1,1530.44,0.368,695.17,45,6
24.2,1519.36,0.467,698.38,48,6
24.3,1513.49,0.592,700.84,50,6
24.4,1503.13,0.438,703.06,48,6
24.5,1516.61,0.433,701.58,49,6
24.6,1521.96,0.385,703.24,48,6
24.7,1517.34,0.252,706.65,49,6
24.8,1520.56,0.245,708.43,50,6
24.9,1520.03,0.178,710.48,46,6
25.0,1515.28,0.529,711.95,45,6
25.1,1529.37,0.438,715.2,48,6
25.2,1537.41,0.576,718.2,47,6
25.3,1543.61,0.426,721.57,50,6
25.4,1553.91,0.436,720.34,48,6
25.5,1555.86,0.23,722.27,49,6
25.6,1555.0,0.216,720.89,49,6
25.7,1544.27,0.184,722.11,46,6
25.8,1536.62,0.157,725.32,50,6
25.9,1525.84,0.345,726.58,49,6
26.0,1530.92,0.452,728.15,45,6
26.1,1541.31,0.1,730.64,49,6
26.2,1554.06,0.129,733.98,49,6
26.3,1557.13,0.433,735.87,50,6
26.4,1550.76,0.152,738.78,47,6
26.5,1548.64,0.436,740.42,45,6
26.6,1557.77,0.432,743.4,48,6
26.7,1558.07,0.24,745.61,45,6
26.8,1566.76,0.255,747.85,45,6
26.9,1560.58,0.177,750.15,48,6
27.0,1563.07,0.226,753.17,49,6
27.1,1566.12,0.1,755.19,48,6
27.2,1571.9,0.392,758.56,46,6
27.3,1566.4,0.373,761.4,50,6
27.4,1574.7,0.343,764.22,49,6
27.5,1571.23,0.211,766.51,46,6
27.6,1562.31,0.1,768.32,47,6
27.7,1563.35,0.1,770.22,47,6
27.8,1556.14,0.374,773.56,45,6
27.9,1552.85,0.1,775.71,46,6
28.0,1545.27,0.1,776.95,49,6
28.1,1548.79,0.1,774.83,46,6
28.2,1551.92,0.1,772.22,48,6
28.3,1565.59,0.1,775.44,45,6
28.4,1568.26,0.27,772.66,50,6
28.5,1586.15,0.217,774.26,49,6
28.6,1601.04,0.195,777.36,46,6
28.7,1592.34,0.231,778.67,48,6
28.8,1595.84,0.1,780.72,47,6
28.9,1610.2,0.115,782.78,47,6
29.0,1609.23,0.414,785.71,45,6
29.1,1602.63,0.324,787.92,46,6
29.2,1614.14,0.234,790.44,48,6
29.3,1615.36,0.145,792.13,45,6
29.4,1607.0,0.523,790.92,50,6
29.5,1616.45,0.228,788.19,45,6
29.6,1624.52,0.323,791.48,45,6
29.7,1614.96,0.234,793.13,46,6
29.8,1605.32,0.377,796.01,48,6
29.9,1620.47,0.27,799.51,46,6
30.0,1633.59,0.232,802.72,49,6
30.1,1632.91,0.245,801.88,45,6
30.2,1642.55,0.271,804.85,48,6
30.3,1650.83,0.536,807.36,45,6
30.4,1645.43,0.451,809.2,50,6
30.5,1660.75,0.288,811.53,47,6
30.6,1659.68,0.419,813.31,50,6
30.7,1673.13,0.305,816.75,48,6
30.8,1689.0,0.588,819.21,49,6
30.9,1700.4,0.236,821.57,50,6
31.0,1701.49,0.454,823.1,48,6
31.1,1715.4,0.46,824.75,49,6
31.2,1725.77,0.415,823.66,45,6
31.3,1722.9,0.474,825.54,49,6
31.4,1724.41,0.569,828.49,47,6
31.5,1716.63,0.443,827.5,50,6
31.6,1727.65,0.364,828.79,48,6
31.7,1720.94,0.674,827.11,46,6
31.8,1722.86,0.607,824.35,46,6
31.9,1731.59,0.717,827.24,46,6
32.0,1735.98,0.768,828.96,45,6
32.1,1733.59,0.518,831.08,46,6
32.2,1723.29,0.569,834.16,49,6
32.3,1728.55,0.447,835.45,48,6
32.4,1725.6,0.587,838.45,46,6
32.5,1733.67,0.766,841.58,45,6
32.6,1745.14,0.79,843.23,45,6
32.7,1745.27,0.559,845.9,48,6
32.8,1739.24,0.8,847.55,48,6
32.9,1734.3,0.776,850.03,48,6
33.0,1736.04,0.715,851.39,48,6
33.1,1746.66,0.701,854.66,50,6
33.2,1751.81,0.554,857.19,50,6
33.3,1740.4,0.515,859.03,45,6
33.4,1728.65,0.642,860.91,50,6
33.5,1723.9,0.653,862.32,47,6
33.6,1715.69,0.834,864.65,50,6
33.7,1727.22,0.977,867.14,47,6
33.8,1721.54,0.977,869.09,47,6
33.9,1718.41,0.709,866.51,46,6
34.0,1729.58,0.917,868.19,49,6
34.1,1726.12,0.598,870.41,45,6
34.2,1718.38,0.892,873.55,46,6
34.3,1718.32,0.719,871.09,48,6
34.4,1721.06,0.659,869.63,47,6
34.5,1711.93,0.83,871.15,50,6
34.6,1704.31,0.976,873.48,48,6
34.7,1695.3,0.63,876.76,47,6
34.8,1689.51,0.918,873.96,50,6
34.9,1682.75,0.751,877.13,47,6
35.0,1674.0,0.823,874.56,50,6
35.1,1664.01,0.896,872.46,48,6
35.2,1653.28,1.002,869.49,50,6
35.3,1659.64,0.896,868.16,48,6
35.4,1669.01,0.652,869.88,46,6
35.5,1661.38,0.659,872.44,48,6
35.6,1658.7,0.663,875.09,50,6
35.7,1664.55,1.028,877.48,46,6
35.8,1660.86,0.781,878.9,50,6
35.9,1665.07,0.632,880.43,49,6
36.0,1654.39,0.647,882.26,46,6
36.1,1651.52,0.88,885.21,50,6
36.2,1638.71,0.724,888.12,45,6
36.3,1638.0,0.637,889.36,45,6
36.4,1645.12,0.843,892.03,46,6
36.5,1648.25,1.004,894.09,49,6
36.6,1651.16,0.695,895.77,48,6
36.7,1639.94,0.588,897.41,47,6
36.8,1647.12,0.749,898.7,45,6
36.9,1654.06,0.808,900.54,47,6
37.0,1657.01,0.809,902.28,48,6
37.1,1669.15,0.871,901.54,49,6
37.2,1674.42,0.684,903.64,48,6
37.3,1676.84,0.712,905.67,50,6
37.4,1667.45,0.731,906.99,47,6
37.5,1660.13,0.819,908.27,47,6
37.6,1672.96,0.759,910.26,49,6
37.7,1667.09,0.782,913.07,49,6
37.8,1658.65,0.482,912.1,45,6
37.9,1658.14,0.916,913.43,50,6
38.0,1652.34,0.678,914.73,45,6
38.1,1657.3,0.741,917.3,50,6
38.2,1654.08,0.808,919.23,47,6
38.3,1644.79,0.534,922.18,45,6
38.4,1637.19,0.833,923.68,48,6
38.5,1633.03,0.519,926.27,49,6
38.6,1631.07,0.581,928.39,45,6
38.7,1622.8,0.808,930.63,47,6
38.8,1614.64,0.816,928.1,45,6
38.9,1631.04,0.626,929.84,47,6
39.0,1644.37,0.483,932.94,49,6
39.1,1651.15,0.631,936.13,45,6
39.2,1641.67,0.764,934.46,46,6
39.3,1646.48,0.359,937.34,50,6
39.4,1658.1,0.736,938.79,50,6
39.5,1667.54,0.476,941.63,50,6
39.6,1664.47,0.556,938.88,46,6
39.7,1679.75,0.357,941.2,49,6
39.8,1676.88,0.558,943.31,50,6
39.9,1672.07,0.415,945.9,46,6
40.0,1675.04,0.421,948.85,48,6
40.1,1691.32,0.534,950.61,48,6
40.2,1704.38,0.461,952.69,45,6
40.3,1710.75,0.333,954.61,50,6
40.4,1706.57,0.447,957.36,45,6
40.5,1697.95,0.533,959.62,47,6
40.6,1700.96,0.594,960.93,45,6
40.7,1708.01,0.414,962.67,47,6
40.8,1709.78,0.443,964.58,49,6
40.9,1725.15,0.296,966.09,45,6
41.0,1739.73,0.36,969.51,46,6
41.1,1744.7,0.159,967.52,45,6
41.2,1753.03,0.498,969.04,49,6
41.3,1769.96,0.353,972.28,48,6
41.4,1779.99,0.263,970.44,49,6
41.5,1791.4,0.234,972.74,49,6
41.6,1793.85,0.225,975.29,50,6
41.7,1806.85,0.382,978.54,46,6
41.8,1804.82,0.18,980.77,49,6
41.9,1795.83,0.273,984.17,46,6
42.0,1811.06,0.462,987.17,50,6
42.1,1815.45,0.457,988.58,47,6
42.2,1817.15,0.1,991.83,45,6
42.3,1829.42,0.465,993.73,47,6
42.4,1826.28,0.294,995.28,46,6
42.5,1839.52,0.289,996.77,50,6
42.6,1844.43,0.401,999.55,50,6
42.7,1855.44,0.405,996.68,46,6
42.8,1870.65,0.109,999.12,46,6
42.9,1866.4,0.317,1000.55,50,6
43.0,1859.89,0.189,1002.22,46,6
43.1,1863.59,0.324,999.95,50,6
43.2,1856.44,0.218,1002.38,48,6
43.3,1863.84,0.175,1004.77,47,6
43.4,1855.54,0.202,1002.7,48,6
43.5,1868.62,0.348,1006.12,46,6
43.6,1862.55,0.209,1008.44,49,6
43.7,1869.44,0.1,1011.84,47,6
43.8,1876.34,0.213,1013.12,48,6
43.9,1886.05,0.334,1015.3,49,6
44.0,1877.2,0.121,1016.66,48,6
44.1,1867.76,0.18,1019.4,48,6
44.2,1856.49,0.403,1021.21,50,6
44.3,1851.72,0.449,1023.01,45,6
44.4,1842.26,0.408,1020.03,49,6
44.5,1840.59,0.1,1023.5,48,6
44.6,1842.05,0.458,1025.42,50,6
44.7,1833.61,0.326,1026.83,47,6
44.8,1831.81,0.108,1029.22,45,6
44.9,1841.95,0.339,1031.66,47,6
45.0,1831.66,0.447,1033.64,47,6
45.1,1827.85,0.157,1032.13,50,6
45.2,1818.1,0.434,1034.67,45,6
45.3,1829.57,0.395,1037.86,49,6
45.4,1836.31,0.308,1040.05,49,6
45.5,1837.56,0.322,1042.16,47,6
45.6,1843.78,0.332,1044.39,48,6
45.7,1836.07,0.377,1046.21,46,6
45.8,1847.15,0.363,1048.97,48,6
45.9,1844.46,0.417,1051.26,47,6
46.0,1839.96,0.325,1054.32,49,6
46.1,1828.39,0.598,1056.76,49,6
46.2,1823.98,0.211,1059.48,48,6
46.3,1812.09,0.37,1062.6,47,6
46.4,1815.1,0.401,1065.89,49,6
46.5,1806.11,0.279,1068.58,45,6
46.6,1813.63,0.534,1069.92,50,6
46.7,1825.48,0.629,1071.84,47,6
46.8,1819.74,0.295,1074.48,50,6
46.9,1822.03,0.363,1077.05,46,6
47.0,1807.19,0.632,1079.12,45,6
47.1,1809.69,0.643,1080.48,45,6
47.2,1821.08,0.427,1083.64,46,6
47.3,1829.3,0.729,1085.46,47,6
47.4,1814.53,0.609,1087.0,49,6
47.5,1807.45,0.376,1089.42,49,6
47.6,1802.46,0.513,1090.76,48,6
47.7,1812.9,0.505,1092.41,46,6
47.8,1810.47,0.714,1090.95,49,6
47.9,1801.76,0.579,1092.86,45,6
48.0,1808.71,0.571,1095.66,45,6
48.1,1811.71,0.784,1098.45,46,6
48.2,1804.29,0.771,1101.62,45,6
48.3,1799.31,0.542,1102.95,47,6
48.4,1800.36,0.662,1106.01,46,6
48.5,1792.17,0.551,1108.71,46,6
48.6,1801.74,0.623,1110.92,48,6
48.7,1800.26,0.706,1113.06,50,6
48.8,1808.38,0.889,1115.09,46,6
48.9,1805.06,0.675,1117.4,50,6
49.0,1813.85,0.648,1118.66,45,6
49.1,1810.04,0.755,1120.12,49,6
49.2,1801.87,0.824,1121.33,50,6
49.3,1795.63,0.623,1124.68,45,6
49.4,1795.62,0.835,1127.08,45,6
49.5,1795.66,0.599,1129.75,49,6
49.6,1796.62,0.924,1132.78,48,6
49.7,1784.31,0.928,1134.92,46,6
49.8,1775.4,0.807,1134.31,49,6
49.9,1787.84,0.709,1136.2,48,6
50.0,1784.68,0.961,1139.22,45,6
50.1,1787.76,0.637,1136.8,46,6
50.2,1776.83,0.989,1138.89,49,6
50.3,1771.51,0.594,1141.33,48,6
50.4,1761.52,0.631,1139.61,48,6
50.5,1770.98,0.888,1141.94,47,6
50.6,1772.6,0.886,1144.12,47,6
50.7,1784.11,0.908,1146.66,47,6
50.8,1781.24,0.968,1144.28,45,6
50.9,1796.38,0.915,1142.55,45,6
51.0,1806.06,1.04,1144.86,45,6
51.1,1817.22,0.688,1147.96,45,6
51.2,1832.65,0.968,1150.1,46,6
51.3,1836.58,0.901,1151.51,49,6
51.4,1840.62,0.74,1153.85,48,6
51.5,1831.76,0.769,1157.35,47,6
51.6,1833.37,0.706,1159.7,46,6
51.7,1825.92,1.018,1162.53,50,6
51.8,1825.07,0.812,1164.87,48,6
51.9,1828.16,0.966,1166.73,45,6
52.0,1845.34,0.867,1169.63,47,6
52.1,1852.19,0.821,1170.88,46,6
52.2,1867.46,0.629,1172.63,50,6
52.3,1880.59,0.926,1175.75,46,6
52.4,1891.06,0.654,1178.8,45,6
52.5,1887.5,0.874,1180.71,47,6
52.6,1903.21,0.716,1181.95,50,6
52.7,1910.83,0.684,1184.2,45,6
52.8,1918.98,0.84,1186.84,45,6
52.9,1930.42,0.696,1188.41,45,6
53.0,1931.26,0.723,1190.3,45,6
53.1,1927.81,0.88,1193.11,47,6
53.2,1920.0,0.744,1194.83,46,6
53.3,1922.04,0.8,1196.73,49,6
53.4,1915.55,0.667,1199.31,46,6
53.5,1931.86,0.923,1201.15,46,6
53.6,1936.3,0.876,1204.15,47,6
53.7,1942.75,0.716,1206.1,45,6
53.8,1938.8,0.651,1209.16,50,6
53.9,1955.07,0.733,1210.56,49,6
54.0,1971.08,0.586,1213.96,49,6
54.1,1985.08,0.864,1216.32,48,6
54.2,1999.32,0.639,1219.61,47,6
54.3,1999.26,0.639,1221.03,45,6
54.4,1996.55,0.579,1224.38,46,6
54.5,2000.03,0.662,1225.67,49,6
54.6,1993.14,0.698,1227.77,49,6
54.7,1993.53,0.486,1230.31,48,6
54.8,1991.92,0.53,1228.66,47,6
54.9,1985.53,0.552,1229.88,45,6
55.0,1986.68,0.508,1231.57,50,6
55.1,1979.3,0.515,1233.28,48,6
55.2,1985.94,0.517,1235.07,50,6
55.3,1996.49,0.376,1237.36,50,6
55.4,2011.12,0.272,1240.41,46,6
55.5,2023.34,0.417,1242.92,48,6
55.6,2023.75,0.651,1244.15,47,6
55.7,2030.33,0.367,1246.72,48,6
55.8,2028.86,0.302,1248.61,45,6
55.9,2019.97,0.374,1252.05,47,6
56.0,2024.16,0.334,1253.3,50,6
56.1,2037.76,0.22,1256.01,45,6
56.2,2050.09,0.223,1259.33,46,6
56.3,2061.78,0.218,1262.35,50,6
56.4,2070.41,0.575,1264.37,50,6
56.5,2063.64,0.341,1267.1,48,6
56.6,2065.15,0.53,1269.46,48,6
56.7,2064.61,0.288,1267.55,45,6
56.8,2077.08,0.515,1268.76,49,6
56.9,2090.66,0.527,1270.39,47,6
57.0,2086.13,0.384,1267.49,50,6
57.1,2090.07,0.284,1270.7,50,6
57.2,2102.93,0.161,1272.97,47,6
57.3,2104.33,0.442,1274.9,47,6
57.4,2097.11,0.1,1277.31,50,6
57.5,2094.5,0.42,1275.51,47,6
57.6,2095.93,0.401,1274.75,45,6
57.7,2097.3,0.273,1275.98,47,6
57.8,2107.31,0.1,1279.13,48,6
57.9,2102.83,0.442,1281.08,46,6
58.0,2089.91,0.314,1283.26,45,6
58.1,2082.42,0.1,1285.12,48,6
58.2,2072.38,0.1,1286.46,50,6
58.3,2082.26,0.157,1288.08,48,6
58.4,2081.46,0.348,1290.59,50,6
58.5,2070.1,0.36,1292.51,45,6
58.6,2077.36,0.364,1291.3,48,6
58.7,2071.07,0.329,1293.52,50,6
58.8,2075.26,0.1,1296.07,49,6
58.9,2064.69,0.41,1299.13,49,6
59.0,2073.02,0.1,1301.59,45,6
59.1,2058.83,0.1,1304.03,45,6
59.2,2054.7,0.379,1305.72,49,6
59.3,2043.04,0.428,1307.41,48,6
59.4,2050.33,0.102,1310.57,47,6
59.5,2048.82,0.281,1313.37,49,6
59.6,2037.33,0.289,1316.76,47,6
59.7,2046.27,0.15,1319.7,49,6
59.8,2048.93,0.416,1321.77,50,6
59.9,2045.07,0.367,1319.75,45,6
60.0,2051.28,0.319,1318.29,46,6
60.1,2051.49,0.1,1321.04,46,6
60.2,2040.27,0.43,1323.72,45,6
60.3,2028.6,0.435,1326.95,46,6
60.4,2024.79,0.124,1328.87,48,6
60.5,2021.94,0.161,1330.25,48,6
60.6,2021.23,0.119,1333.47,46,6
60.7,2013.47,0.282,1336.76,47,6
60.8,2016.33,0.119,1338.59,48,6
60.9,2025.51,0.24,1340.24,49,6
61.0,2031.31,0.241,1341.74,48,6
61.1,2025.25,0.373,1343.38,47,6
61.2,2029.29,0.221,1346.69,49,6
61.3,2015.67,0.426,1350.14,45,6
61.4,2004.43,0.463,1352.38,47,6
61.5,1996.53,0.381,1349.7,49,6
61.6,1988.56,0.569,1348.11,47,6
61.7,1989.8,0.467,1349.59,45,6
61.8,1993.74,0.322,1352.38,50,6
61.9,1996.92,0.255,1354.12,47,6
62.0,1984.12,0.315,1355.69,45,6
62.1,1986.49,0.634,1356.98,48,6
62.2,1978.09,0.513,1360.39,50,6
62.3,1988.49,0.625,1363.16,46,6
62.4,1991.31,0.499,1364.72,48,6
62.5,1993.16,0.51,1367.89,46,6
62.6,1995.64,0.564,1371.32,45,6
62.7,2010.16,0.615,1373.77,45,6
62.8,2016.57,0.677,1376.24,50,6
62.9,2020.37,0.571,1377.5,50,6
63.0,2024.05,0.554,1380.28,49,6
63.1,2014.51,0.593,1381.81,48,6
63.2,2015.63,0.505,1383.34,46,6
63.3,2008.24,0.557,1385.54,47,6
63.4,2009.92,0.482,1388.58,48,6
63.5,2000.41,0.584,1391.29,47,6
63.6,2012.29,0.708,1392.73,45,6
63.7,2003.25,0.813,1395.87,47,6
63.8,2008.58,0.444,1397.23,46,6
63.9,2007.92,0.79,1400.63,45,6
64.0,2020.4,0.864,1402.37,47,6
64.1,2019.24,0.463,1405.09,45,6
64.2,2011.97,0.804,1406.83,49,6
64.3,2020.39,0.796,1405.94,47,6
64.4,2033.64,0.473,1408.31,50,6
64.5,2025.44,0.785,1405.55,46,6
64.6,2031.0,0.838,1404.27,46,6
64.7,2037.55,0.7,1406.46,49,6
64.8,2041.82,0.89,1409.75,45,6
64.9,2037.04,0.643,1412.24,45,6
65.0,2045.75,0.574,1414.19,50,6
65.1,2047.5,0.685,1416.84,49,6
65.2,2047.35,0.662,1419.1,46,6
65.3,2055.65,0.881,1417.23,46,6
65.4,2068.83,0.708,1419.95,46,6
65.5,2079.7,0.978,1421.19,50,6
65.6,2075.38,0.968,1423.31,49,6
65.7,2088.67,0.64,1426.43,48,6
65.8,2102.69,0.594,1428.45,49,6
65.9,2095.35,0.956,1429.68,49,6
66.0,2099.26,0.852,1432.69,49,6
66.1,2093.47,0.589,1434.77,49,6
66.2,2107.62,0.689,1432.89,49,6
66.3,2125.35,0.938,1435.21,45,6
66.4,2138.6,0.703,1436.98,47,6
66.5,2139.06,0.89,1439.27,50,6
66.6,2140.13,0.955,1441.83,50,6
66.7,2139.53,0.862,1439.24,47,6
66.8,2149.83,0.825,1442.72,49,6
66.9,2142.57,0.674,1444.83,50,6
67.0,2145.98,0.737,1446.63,45,6
67.1,2158.19,1.024,1449.09,46,6
67.2,2165.3,0.785,1452.49,49,6
67.3,2173.16,0.632,1450.49,45,6
67.4,2163.72,0.927,1452.62,45,6
67.5,2163.44,0.978,1455.47,50,6
67.6,2173.7,0.617,1457.89,47,6
67.7,2172.4,0.619,1459.72,47,6
67.8,2164.5,0.618,1461.41,47,6
67.9,2172.5,0.602,1464.64,49,6
68.0,2169.79,0.867,1466.89,48,6
68.1,2164.53,0.628,1469.64,48,6
68.2,2180.04,0.936,1471.76,45,6
68.3,2185.09,0.684,1473.33,46,6
68.4,2188.16,0.648,1475.18,46,6
68.5,2181.47,0.571,1474.0,46,6
68.6,2185.97,0.821,1477.49,50,6
68.7,2201.67,0.578,1480.34,45,6
68.8,2215.47,0.905,1483.66,48,6
68.9,2209.8,0.839,1485.43,48,6
69.0,2217.77,0.857,1484.86,50,6
69.1,2226.11,0.733,1487.77,46,6
69.2,2240.24,0.927,1490.53,45,6
69.3,2254.89,0.672,1493.41,45,6
69.4,2250.64,0.842,1495.86,47,6
69.5,2253.24,0.847,1498.38,49,6
69.6,2262.82,0.587,1501.04,46,6
69.7,2261.93,0.595,1503.06,46,6
69.8,2271.13,0.63,1501.89,46,6
69.9,2281.67,0.726,1504.78,46,6
70.0,2294.54,0.48,1506.6,49,6
70.1,2297.64,0.759,1508.86,49,6
70.2,2290.14,0.559,1507.63,45,6
70.3,2302.9,0.363,1509.17,48,6
70.4,2301.14,0.464,1510.7,50,6
70.5,2314.02,0.545,1513.92,48,6
70.6,2302.65,0.393,1515.45,47,6
70.7,2309.06,0.436,1517.46,49,6
70.8,2321.68,0.44,1520.18,45,6
70.9,2327.52,0.359,1523.6,46,6
71.0,2323.83,0.366,1525.85,50,6
71.1,2314.37,0.516,1528.21,46,6
71.2,2306.28,0.462,1529.89,45,6
71.3,2314.34,0.349,1532.75,49,6
71.4,2311.12,0.58,1535.61,45,6
71.5,2320.49,0.38,1533.87,45,6
71.6,2322.99,0.467,1535.69,47,6
71.7,2327.16,0.637,1538.94,47,6
71.8,2324.63,0.493,1540.8,45,6
71.9,2321.16,0.321,1542.29,47,6
72.0,2306.81,0.432,1543.94,48,6
72.1,2316.58,0.481,1546.84,47,6
72.2,2304.5,0.568,1544.31,47,6
72.3,2309.02,0.509,1547.79,50,6
72.4,2294.12,0.476,1546.45,45,6
72.5,2284.1,0.485,1549.48,49,6
72.6,2288.41,0.45,1551.81,46,6
72.7,2278.88,0.224,1555.03,45,6
72.8,2287.77,0.1,1556.82,50,6
72.9,2297.29,0.482,1559.89,49,6
73.0,2298.1,0.384,1561.42,45,6
73.1,2287.21,0.497,1564.61,47,6
73.2,2280.54,0.314,1567.37,49,6
73.3,2282.54,0.211,1569.69,47,6
73.4,2285.15,0.28,1571.88,47,6
73.5,2283.76,0.219,1573.68,48,6
73.6,2291.52,0.1,1576.73,46,6
73.7,2280.13,0.419,1579.87,50,6
73.8,2288.83,0.417,1582.59,46,6
73.9,2290.32,0.1,1585.5,46,6
74.0,2300.72,0.225,1588.83,47,6
74.1,2290.39,0.34,1592.22,48,6
74.2,2281.01,0.112,1595.44,47,6
74.3,2280.76,0.27,1597.04,45,6
74.4,2269.56,0.103,1599.54,45,6
74.5,2279.37,0.388,1602.22,48,6
74.6,2286.73,0.443,1603.48,48,6
74.7,2276.44,0.281,1604.93,47,6
74.8,2263.96,0.176,1607.92,46,6
74.9,2264.51,0.1,1611.18,50,6
75.0,2269.0,0.253,1612.86,46,6
75.1,2268.67,0.442,1614.07,47,6
75.2,2279.41,0.141,1616.35,46,6
75.3,2292.81,0.1,1617.58,48,6
75.4,2298.85,0.1,1620.97,50,6
75.5,2300.22,0.221,1622.46,48,6
75.6,2296.33,0.272,1619.56,50,6
75.7,2291.34,0.1,1621.54,50,6
75.8,2290.35,0.195,1624.12,46,6
75.9,2290.68,0.221,1626.85,46,6
76.0,2279.65,0.338,1628.23,50,6
76.1,2272.2,0.1,1630.1,49,6
76.2,2271.8,0.289,1632.02,46,6
76.3,2279.11,0.124,1633.35,45,6
76.4,2278.37,0.418,1635.05,50,6
76.5,2272.48,0.462,1638.5,47,6
76.6,2279.21,0.101,1636.78,46,6
76.7,2291.76,0.48,1639.13,47,6
76.8,2289.76,0.443,1642.54,45,6
76.9,2300.63,0.213,1644.59,47,6
77.0,2311.02,0.239,1647.39,49,6
77.1,2319.35,0.137,1648.88,48,6
77.2,2336.48,0.375,1651.79,48,6
77.3,2349.59,0.535,1653.69,49,6
77.4,2346.47,0.278,1655.69,45,6
77.5,2363.68,0.389,1658.13,48,6
77.6,2372.4,0.465,1660.07,48,6
77.7,2365.68,0.557,1662.7,50,6
77.8,2366.38,0.342,1664.82,45,6
77.9,2367.45,0.387,1668.02,46,6
78.0,2360.05,0.309,1670.33,47,6
78.1,2354.32,0.512,1672.56,48,6
78.2,2370.66,0.322,1674.24,47,6
78.3,2367.78,0.303,1676.55,48,6
78.4,2373.47,0.588,1677.89,46,6
78.5,2383.21,0.684,1680.46,46,6
78.6,2376.89,0.303,1683.72,50,6
78.7,2376.42,0.641,1681.51,48,6
78.8,2371.33,0.744,1683.48,47,6
78.9,2367.83,0.335,1684.97,45,6
79.0,2372.29,0.55,1687.98,49,6
79.1,2380.51,0.411,1686.59,47,6
79.2,2389.3,0.665,1688.15,50,6
79.3,2388.71,0.656,1690.85,45,6
79.4,2405.12,0.737,1692.5,46,6
79.5,2407.5,0.751,1695.36,45,6
79.6,2401.23,0.759,1696.96,45,6
79.7,2413.74,0.567,1698.58,46,6
79.8,2415.69,0.811,1697.35,48,6
79.9,2424.16,0.79,1700.02,45,6
80.0,2438.92,0.628,1702.24,45,6
80.1,2449.91,0.521,1704.54,49,6
80.2,2462.55,0.606,1706.71,48,6
80.3,2471.07,0.908,1708.0,45,6
80.4,2465.01,0.738,1711.12,45,6
80.5,2467.48,0.548,1712.42,47,6
80.6,2468.42,0.62,1714.94,46,6
80.7,2466.11,0.578,1718.11,50,6
80.8,2482.35,0.642,1720.23,48,6
80.9,2474.97,0.675,1721.82,48,6
81.0,2469.29,0.62,1723.96,47,6
81.1,2465.37,0.675,1725.39,47,6
81.2,2455.44,0.729,1728.83,49,6
81.3,2458.1,0.823,1731.13,50,6
81.4,2470.75,0.675,1730.19,45,6
81.5,2484.49,1.0,1731.94,46,6
81.6,2472.86,1.005,1734.34,46,6
81.7,2474.12,0.985,1732.46,49,6
81.8,2464.08,0.596,1734.85,48,6
81.9,2458.7,1.008,1738.12,45,6
82.0,2453.48,0.67,1740.43,49,6
82.1,2441.24,0.945,1743.92,50,6
82.2,2441.26,0.881,1741.22,50,6
82.3,2438.11,1.044,1744.02,46,6
82.4,2431.26,0.986,1745.26,46,6
82.5,2424.97,0.904,1748.49,45,6
82.6,2428.21,0.906,1745.65,50,6
82.7,2438.91,0.718,1746.9,50,6
82.8,2426.58,0.927,1749.61,48,6
82.9,2417.24,0.92,1751.77,45,6
83.0,2423.32,0.649,1750.56,50,6
83.1,2422.47,0.689,1752.54,47,6
83.2,2428.22,0.954,1754.76,45,6
83.3,2416.52,0.937,1757.32,45,6
83.4,2408.96,0.623,1759.77,45,6
83.5,2401.62,0.811,1761.59,47,6
83.6,2405.95,1.017,1762.98,48,6
83.7,2414.74,0.869,1765.12,46,6
83.8,2426.0,0.74,1767.52,49,6
83.9,2425.42,0.692,1765.15,48,6
84.0,2429.92,0.932,1767.45,47,6
84.1,2431.75,0.573,1769.35,45,6
84.2,2440.29,0.922,1771.24,45,6
84.3,2436.78,0.566,1774.5,47,6
84.4,2439.28,0.713,1775.91,50,6
84.5,2448.39,0.544,1777.75,47,6
84.6,2434.36,0.933,1779.3,45,6
84.7,2424.26,0.922,1781.29,45,6
84.8,2411.02,0.832,1783.64,46,6
84.9,2415.28,0.548,1785.65,50,6
85.0,2407.78,0.781,1783.19,49,6
85.1,2398.22,0.663,1784.8,45,6
85.2,2386.24,0.697,1782.73,46,6
85.3,2373.91,0.801,1784.48,45,6
85.4,2380.9,0.462,1785.79,50,6
85.5,2380.18,0.802,1789.21,46,6
85.6,2381.7,0.485,1792.12,46,6
85.7,2368.0,0.686,1793.47,49,6
85.8,2362.82,0.576,1796.61,50,6
85.9,2367.05,0.71,1798.54,46,6
86.0,2368.02,0.527,1801.95,45,6
86.1,2371.82,0.574,1804.35,46,6
86.2,2367.85,0.474,1807.45,47,6
86.3,2366.93,0.709,1810.02,46,6
86.4,2354.54,0.321,1808.12,47,6
86.5,2340.96,0.637,1810.88,48,6
86.6,2343.48,0.443,1812.3,45,6
86.7,2345.67,0.561,1814.31,45,6
86.8,2344.15,0.673,1817.17,50,6
86.9,2331.75,0.507,1819.58,50,6
87.0,2326.44,0.48,1822.77,47,6
87.1,2315.8,0.289,1824.89,49,6
87.2,2308.96,0.279,1827.4,46,6
87.3,2304.57,0.631,1825.92,50,6
87.4,2308.94,0.514,1828.63,45,6
87.5,2302.66,0.369,1830.05,48,6
87.6,2303.34,0.439,1832.39,49,6
87.7,2290.94,0.561,1830.32,50,6
87.8,2290.81,0.501,1832.92,49,6
87.9,2292.01,0.438,1835.41,48,6
88.0,2287.81,0.491,1838.26,49,6
88.1,2292.36,0.528,1839.5,45,6
88.2,2307.29,0.111,1842.44,48,6
88.3,2302.3,0.242,1844.0,50,6
88.4,2305.2,0.229,1846.82,46,6
88.5,2314.79,0.448,1845.91,46,6
88.6,2309.59,0.433,1848.85,45,6
88.7,2313.8,0.505,1851.04,50,6
88.8,2314.31,0.293,1853.32,45,6
88.9,2316.5,0.312,1856.26,48,6
89.0,2321.39,0.1,1857.9,48,6
89.1,2331.91,0.41,1861.32,45,6
89.2,2326.92,0.1,1864.45,46,6
89.3,2318.04,0.241,1865.74,48,6
89.4,2333.19,0.465,1867.91,46,6
89.5,2348.64,0.344,1870.51,46,6
89.6,2344.44,0.231,1872.88,48,6
89.7,2335.92,0.175,1875.67,46,6
89.8,2327.15,0.105,1878.83,47,6
89.9,2342.23,0.401,1881.17,46,6
90.0,2342.04,0.381,1883.34,48,6
90.1,2343.31,0.319,1885.54,50,6
90.2,2347.21,0.275,1888.25,50,6
90.3,2358.59,0.179,1885.84,46,6
90.4,2350.82,0.228,1887.8,50,6
90.5,2363.53,0.1,1891.25,50,6
90.6,2356.03,0.1,1890.02,50,6
90.7,2348.29,0.1,1888.92,49,6
90.8,2361.63,0.434,1890.97,46,6
90.9,2359.22,0.166,1892.62,46,6
91.0,2351.15,0.1,1894.96,50,6
91.1,2357.72,0.197,1896.48,45,6
91.2,2360.53,0.256,1897.73,46,6
91.3,2375.64,0.217,1899.89,45,6
91.4,2377.41,0.415,1901.55,46,6
91.5,2385.9,0.399,1903.31,49,6
91.6,2397.64,0.222,1906.77,47,6
91.7,2391.41,0.488,1903.8,50,6
91.8,2392.69,0.1,1901.05,45,6
91.9,2400.27,0.303,1903.39,50,6
92.0,2394.33,0.145,1904.99,49,6
92.1,2404.11,0.136,1906.98,50,6
92.2,2414.11,0.156,1910.26,48,6
92.3,2423.21,0.1,1913.75,48,6
92.4,2422.44,0.185,1916.38,49,6
92.5,2439.65,0.401,1918.44,46,6
92.6,2446.0,0.164,1919.99,49,6
92.7,2448.21,0.237,1917.21,47,6
92.8,2440.79,0.226,1920.57,47,6
92.9,2454.58,0.505,1923.32,45,6
93.0,2453.3,0.269,1920.49,47,6
93.1,2466.44,0.442,1923.28,48,6
93.2,2477.13,0.614,1925.97,50,6
93.3,2478.74,0.576,1927.62,48,6
93.4,2487.58,0.454,1930.7,50,6
93.5,2496.56,0.317,1932.02,49,6
93.6,2494.74,0.587,1934.25,46,6
93.7,2501.68,0.425,1937.64,45,6
93.8,2492.05,0.421,1940.84,46,6
93.9,2497.07,0.279,1942.97,49,6
94.0,2503.09,0.344,1944.49,50,6
94.1,2506.69,0.344,1947.65,49,6
94.2,2495.63,0.627,1950.04,45,6
94.3,2494.05,0.299,1952.06,47,6
94.4,2483.83,0.692,1953.95,48,6
94.5,2495.43,0.589,1957.14,49,6
94.6,2502.35,0.437,1958.38,50,6
94.7,2511.6,0.746,1961.86,46,6
94.8,2522.2,0.441,1964.49,46,6
94.9,2533.09,0.465,1967.4,46,6
95.0,2533.59,0.446,1968.67,45,6
95.1,2532.72,0.785,1970.54,47,6
95.2,2534.38,0.529,1973.13,49,6
95.3,2535.55,0.528,1974.69,50,6
95.4,2525.26,0.859,1976.19,48,6
95.5,2532.65,0.865,1979.06,49,6
95.6,2523.37,0.819,1980.79,47,6
95.7,2534.6,0.769,1983.34,48,6
95.8,2530.49,0.647,1985.5,50,6
95.9,2525.96,0.621,1988.39,46,6
96.0,2517.2,0.695,1990.91,50,6
96.1,2511.24,0.672,1992.76,47,6
96.2,2520.31,0.916,1995.45,48,6
96.3,2524.59,0.691,1997.04,50,6
96.4,2523.91,0.967,1998.76,46,6
96.5,2515.58,0.874,1996.81,46,6
96.6,2506.44,0.771,1998.74,50,6
96.7,2506.84,0.938,2001.8,49,6
96.8,2492.76,0.712,2003.77,46,6
96.9,2483.62,0.774,2005.68,46,6
97.0,2472.36,0.995,2008.44,50,6
97.1,2475.5,0.743,2011.48,46,6
97.2,2484.43,1.008,2010.62,49,6
97.3,2482.91,0.824,2011.96,48,6
97.4,2481.6,1.013,2013.28,47,6
97.5,2471.05,0.613,2016.61,45,6
97.6,2471.57,0.715,2018.13,47,6
97.7,2461.66,1.026,2020.11,50,6
97.8,2468.37,0.635,2022.05,45,6
97.9,2462.32,0.781,2024.12,49,6
98.0,2465.04,0.905,2021.96,46,6
98.1,2468.87,0.834,2023.72,45,6
98.2,2470.31,0.838,2026.47,47,6
98.3,2458.43,0.65,2028.55,46,6
98.4,2462.72,0.924,2030.07,46,6
98.5,2471.28,0.963,2033.17,45,6
98.6,2464.23,1.039,2035.38,46,6
98.7,2454.77,0.691,2038.11,49,6
98.8,2442.96,0.846,2039.44,47,6
98.9,2448.78,0.751,2042.81,45,6
99.0,2438.38,0.636,2044.31,48,6
99.1,2433.15,0.903,2047.03,50,6
99.2,2443.6,0.882,2049.23,50,6
99.3,2442.6,0.809,2052.18,50,6
99.4,2438.32,0.721,2055.0,49,6
99.5,2431.05,0.886,2057.96,47,6
99.6,2424.49,0.976,2060.07,47,6
99.7,2422.57,0.669,2063.08,46,6
99.8,2424.26,0.654,2064.72,50,6
99.9,2425.84,0.987,2067.05,49,6
100.0,2419.15,0.772,2070.28,46,6
100.1,2431.72,0.872,2072.27,48,6
100.2,2422.56,0.928,2074.62,47,6
100.3,2428.52,0.949,2077.02,47,6
100.4,2419.91,0.51,2080.14,46,6
100.5,2416.39,0.918,2081.51,45,6
100.6,2414.53,0.775,2079.27,48,6
100.7,2407.84,0.628,2077.0,47,6
100.8,2404.36,0.685,2078.94,48,6
100.9,2413.2,0.577,2080.46,45,6
101.0,2412.71,0.809,2083.55,50,6
101.1,2408.28,0.638,2085.18,48,6
101.2,2401.97,0.547,2087.39,47,6
101.3,2395.99,0.718,2088.85,49,6
101.4,2389.42,0.736,2090.47,47,6
101.5,2382.5,0.431,2091.72,48,6
101.6,2382.11,0.379,2094.43,46,6
101.7,2390.83,0.379,2096.78,50,6
101.8,2407.19,0.72,2098.35,47,6
101.9,2417.0,0.589,2101.59,47,6
102.0,2428.45,0.547,2104.71,49,6
102.1,2433.04,0.529,2107.21,50,6
102.2,2441.83,0.444,2110.12,49,6
102.3,2441.37,0.572,2112.56,46,6
102.4,2449.88,0.486,2115.5,49,6
102.5,2452.75,0.693,2118.26,45,6
102.6,2461.49,0.538,2121.11,49,6
102.7,2457.24,0.626,2122.75,45,6
102.8,2455.81,0.569,2121.03,48,6
102.9,2464.4,0.32,2123.27,47,6
103.0,2467.63,0.592,2126.04,48,6
103.1,2466.76,0.605,2127.66,47,6
103.2,2472.35,0.317,2126.73,45,6
103.3,2487.03,0.611,2128.5,45,6
103.4,2491.19,0.204,2130.82,47,6
103.5,2491.22,0.422,2132.93,49,6
103.6,2489.52,0.541,2135.8,46,6
103.7,2485.55,0.433,2137.55,49,6
103.8,2488.39,0.536,2140.02,46,6
103.9,2500.3,0.215,2142.89,46,6
104.0,2512.27,0.34,2140.48,48,6
104.1,2512.78,0.328,2141.91,50,6
104.2,2528.92,0.43,2144.14,48,6
104.3,2524.43,0.232,2146.86,45,6
104.4,2527.19,0.438,2149.12,49,6
104.5,2540.93,0.375,2150.79,47,6
104.6,2532.07,0.1,2153.8,47,6
104.7,2524.1,0.216,2155.15,50,6
104.8,2523.75,0.471,2157.04,49,6
104.9,2516.93,0.358,2158.65,48,6
105.0,2512.33,0.442,2161.84,45,6
105.1,2515.32,0.1,2164.45,48,6
105.2,2526.48,0.18,2165.71,50,6
105.3,2522.16,0.161,2167.42,50,6
105.4,2522.39,0.191,2170.02,45,6
105.5,2512.42,0.319,2171.56,50,6
105.6,2517.57,0.265,2173.16,48,6
105.7,2507.41,0.291,2176.08,48,6
105.8,2498.83,0.292,2179.41,47,6
105.9,2514.81,0.389,2182.6,48,6
106.0,2505.07,0.409,2186.0,46,6
106.1,2498.38,0.419,2185.46,46,6
106.2,2509.72,0.154,2187.55,49,6
106.3,2511.27,0.181,2190.9,50,6
106.4,2520.63,0.1,2193.64,50,6
106.5,2517.6,0.449,2192.14,48,6
106.6,2524.86,0.229,2195.48,45,6
106.7,2530.16,0.283,2198.18,49,6
106.8,2543.48,0.1,2200.41,46,6
106.9,2535.28,0.221,2198.02,46,6
107.0,2525.13,0.116,2200.95,49,6
107.1,2536.95,0.1,2204.32,48,6
107.2,2529.91,0.274,2206.6,47,6
107.3,2532.85,0.435,2208.29,45,6
107.4,2529.12,0.196,2210.9,47,6
107.5,2540.46,0.165,2208.52,50,6
107.6,2550.76,0.2,2211.71,48,6
107.7,2559.8,0.1,2214.02,47,6
107.8,2557.5,0.314,2216.59,46,6
107.9,2561.75,0.503,2219.91,45,6
108.0,2554.09,0.1,2222.1,49,6
108.1,2554.61,0.145,2225.45,46,6
108.2,2541.19,0.46,2224.05,48,6
108.3,2552.85,0.32,2225.66,47,6
108.4,2546.8,0.442,2227.41,48,6
108.5,2547.64,0.33,2230.38,48,6
108.6,2554.28,0.552,2227.92,45,6
108.7,2556.11,0.441,2229.77,45,6
108.8,2550.11,0.242,2232.73,45,6
108.9,2551.6,0.536,2230.18,45,6
109.0,2542.82,0.594,2232.67,47,6
109.1,2553.49,0.581,2235.9,50,6
109.2,2559.6,0.387,2237.47,50,6
109.3,2557.29,0.342,2240.24,48,6
109.4,2544.76,0.387,2241.74,45,6
109.5,2553.39,0.362,2243.33,46,6
109.6,2556.77,0.251,2245.62,45,6
109.7,2563.05,0.508,2247.51,50,6
109.8,2558.73,0.549,2250.13,46,6
109.9,2548.38,0.35,2252.55,46,6
110.0,2550.41,0.35,2255.41,45,6
110.1,2540.13,0.435,2257.21,47,6
110.2,2528.38,0.413,2258.81,47,6
110.3,2518.35,0.627,2261.1,47,6
110.4,2506.52,0.545,2263.84,50,6
110.5,2504.14,0.554,2266.17,45,6
110.6,2500.78,0.507,2268.31,46,6
110.7,2511.65,0.424,2266.33,49,6
110.8,2522.32,0.785,2267.56,48,6
110.9,2508.56,0.664,2270.67,48,6
111.0,2516.36,0.853,2273.3,45,6
111.1,2507.43,0.696,2274.67,47,6
111.2,2493.84,0.442,2277.26,48,6
111.3,2486.56,0.782,2280.21,49,6
111.4,2485.15,0.48,2281.57,45,6
111.5,2492.92,0.476,2284.0,47,6
111.6,2489.88,0.912,2287.46,47,6
111.7,2499.42,0.838,2289.37,50,6
111.8,2499.6,0.675,2288.63,47,6
111.9,2496.18,0.932,2289.94,47,6
112.0,2488.51,0.865,2292.07,48,6
112.1,2475.63,0.919,2293.45,46,6
112.2,2486.3,0.864,2295.56,46,6
112.3,2498.72,0.913,2298.07,45,6
112.4,2496.41,0.867,2299.67,50,6
112.5,2499.43,0.773,2302.28,49,6
112.6,2510.12,0.775,2304.73,50,6
112.7,2504.2,0.824,2307.33,49,6
112.8,2514.79,0.822,2309.43,46,6
112.9,2520.26,1.012,2312.23,45,6
113.0,2514.22,0.644,2311.47,48,6
113.1,2510.63,0.686,2314.81,50,6
113.2,2500.99,0.615,2317.39,48,6
113.3,2501.55,0.983,2320.33,46,6
113.4,2499.49,0.736,2322.63,47,6
113.5,2492.92,0.953,2325.96,50,6
113.6,2487.69,1.007,2328.9,45,6
113.7,2479.17,0.852,2332.16,45,6
113.8,2479.11,1.008,2333.76,48,6
113.9,2485.68,0.888,2335.37,48,6
114.0,2498.39,0.893,2338.47,48,6
114.1,2501.09,0.924,2341.62,47,6
114.2,2512.28,0.826,2343.33,50,6
114.3,2509.21,0.68,2345.01,50,6
114.4,2515.9,0.68,2342.82,46,6
114.5,2531.3,0.649,2346.26,46,6
114.6,2530.21,0.807,2347.78,49,6
114.7,2543.52,0.606,2351.18,45,6
114.8,2538.55,0.762,2353.55,49,6
114.9,2545.14,0.795,2356.02,46,6
115.0,2542.43,0.897,2358.54,47,6
115.1,2539.89,0.957,2360.59,49,6
115.2,2541.3,0.758,2362.25,48,6
115.3,2555.97,0.956,2363.45,50,6
115.4,2564.98,0.787,2364.71,47,6
115.5,2556.98,0.746,2366.33,48,6
115.6,2557.83,0.893,2369.44,48,6
115.7,2550.34,0.637,2372.49,49,6
115.8,2565.59,0.885,2373.75,45,6
115.9,2573.77,0.913,2376.72,47,6
116.0,2571.49,0.866,2378.78,49,6
116.1,2578.85,0.767,2381.6,48,6
116.2,2582.7,0.527,2383.56,48,6
116.3,2584.82,0.842,2386.59,50,6
116.4,2576.59,0.486,2389.69,50,6
116.5,2594.19,0.557,2392.2,49,6
116.6,2603.15,0.655,2393.49,46,6
116.7,2614.75,0.487,2391.66,46,6
116.8,2616.24,0.551,2394.71,50,6
116.9,2610.36,0.485,2393.72,48,6
117.0,2611.02,0.683,2394.98,47,6
117.1,2622.46,0.595,2397.47,49,6
117.2,2620.53,0.402,2400.66,49,6
117.3,2614.9,0.602,2403.44,48,6
117.4,2630.22,0.56,2406.57,46,6
117.5,2620.89,0.533,2408.78,47,6
117.6,2621.95,0.579,2411.25,49,6
117.7,2633.69,0.705,2414.08,49,6
117.8,2638.7,0.522,2416.01,46,6
117.9,2641.28,0.438,2413.47,45,6
118.0,2643.62,0.488,2415.97,45,6
118.1,2643.94,0.721,2415.08,48,6
118.2,2641.41,0.556,2418.49,49,6
118.3,2644.77,0.555,2420.34,45,6
118.4,2655.16,0.319,2422.88,47,6
118.5,2650.04,0.435,2425.23,50,6
118.6,2661.9,0.65,2427.11,46,6
118.7,2676.81,0.563,2428.63,50,6
118.8,2689.59,0.403,2429.98,46,6
118.9,2702.35,0.495,2431.2,46,6
119.0,2715.93,0.368,2434.29,46,6
119.1,2716.39,0.368,2436.61,47,6
119.2,2708.41,0.23,2440.07,50,6
119.3,2715.63,0.238,2441.92,49,6
119.4,2707.02,0.415,2444.98,49,6
119.5,2696.47,0.33,2446.56,48,6
119.6,2698.34,0.441,2448.52,46,6
119.7,2710.89,0.338,2451.96,47,6
119.8,2714.0,0.329,2449.27,50,6
119.9,2717.54,0.1,2452.02,45,6
120.0,2720.78,0.503,2454.61,47,6
120.1,2729.38,0.317,2453.07,47,6
120.2,2716.81,0.463,2456.51,47,6
120.3,2716.86,0.423,2454.54,45,6
120.4,2709.19,0.475,2456.02,48,6
120.5,2706.05,0.407,2458.56,45,6
120.6,2704.06,0.125,2460.23,45,6
120.7,2693.18,0.253,2463.5,47,6
120.8,2679.83,0.267,2465.51,48,6
120.9,2684.39,0.215,2467.74,46,6
121.0,2683.52,0.14,2469.24,47,6
121.1,2683.31,0.349,2472.45,50,6
121.2,2677.02,0.234,2474.2,48,6
121.3,2663.7,0.279,2473.19,49,6
121.4,2660.6,0.341,2475.01,45,6
121.5,2669.68,0.248,2477.68,47,6
121.6,2671.42,0.374,2479.03,45,6
121.7,2658.13,0.448,2481.07,47,6
121.8,2650.85,0.219,2482.83,47,6
121.9,2644.62,0.288,2485.53,46,6
122.0,2635.15,0.31,2487.5,47,6
122.1,2623.76,0.27,2489.69,47,6
122.2,2617.95,0.29,2492.77,50,6
122.3,2605.71,0.1,2491.88,45,6
122.4,2590.96,0.238,2493.79,49,6
122.5,2601.92,0.1,2496.4,45,6
122.6,2612.05,0.1,2499.42,45,6
122.7,2622.89,0.28,2502.37,46,6
122.8,2611.26,0.152,2504.32,49,6
122.9,2604.37,0.415,2505.67,49,6
123.0,2608.77,0.392,2508.42,45,6
123.1,2600.18,0.21,2510.5,50,6
123.2,2602.29,0.314,2512.22,46,6
123.3,2610.87,0.38,2515.07,50,6
123.4,2618.23,0.278,2517.26,50,6
123.5,2613.36,0.1,2519.74,45,6
123.6,2611.6,0.112,2521.77,50,6
123.7,2623.78,0.472,2523.82,49,6
123.8,2634.7,0.361,2525.75,48,6
123.9,2623.47,0.365,2527.11,48,6
124.0,2625.18,0.448,2529.36,48,6
124.1,2630.61,0.538,2532.59,50,6
124.2,2635.13,0.325,2535.81,45,6
124.3,2632.49,0.306,2538.11,50,6
124.4,2631.41,0.53,2539.77,50,6
124.5,2627.56,0.342,2541.22,50,6
124.6,2640.26,0.557,2543.63,47,6
124.7,2638.47,0.327,2546.21,49,6
124.8,2630.13,0.346,2547.56,45,6
124.9,2627.87,0.353,2549.54,50,6
125.0,2629.6,0.565,2552.05,47,6
125.1,2639.89,0.23,2555.53,48,6
125.2,2652.06,0.495,2557.78,45,6
125.3,2651.38,0.66,2559.32,50,6
125.4,2655.97,0.372,2561.36,48,6
125.5,2653.01,0.702,2562.65,46,6
125.6,2666.37,0.717,2564.9,48,6
125.7,2681.2,0.612,2566.74,48,6
125.8,2689.57,0.38,2568.91,47,6
125.9,2698.2,0.634,2570.32,49,6
126.0,2701.83,0.738,2572.49,48,6
126.1,2698.47,0.574,2570.06,47,6
126.2,2695.22,0.403,2572.45,47,6
126.3,2703.42,0.68,2574.98,46,6
126.4,2712.48,0.516,2576.64,49,6
126.5,2717.11,0.52,2580.07,47,6
126.6,2730.86,0.681,2583.12,49,6
126.7,2745.11,0.701,2585.22,50,6
126.8,2756.02,0.747,2587.44,48,6
126.9,2755.07,0.794,2588.87,47,6
127.0,2769.08,0.852,2592.01,49,6
127.1,2766.76,0.891,2594.99,49,6
127.2,2764.41,0.544,2598.39,45,6
127.3,2775.84,0.62,2599.89,46,6
127.4,2779.15,0.703,2602.17,46,6
127.5,2786.32,0.849,2605.09,47,6
127.6,2802.19,0.882,2607.36,50,6
127.7,2808.36,0.643,2609.49,50,6
127.8,2802.77,0.779,2611.46,50,6
127.9,2797.34,0.925,2613.18,49,6
128.0,2788.24,0.841,2611.55,50,6
128.1,2783.49,0.956,2612.78,50,6
128.2,2787.62,0.773,2615.53,48,6
128.3,2793.99,0.769,2617.19,46,6
128.4,2803.82,0.797,2619.53,46,6
128.5,2807.55,0.775,2621.78,47,6
128.6,2806.16,0.972,2621.12,50,6
128.7,2802.46,0.731,2624.0,47,6
128.8,2802.15,1.016,2626.84,49,6
128.9,2800.47,0.721,2628.69,45,6
129.0,2811.35,0.976,2631.97,45,6
129.1,2828.35,0.726,2635.02,47,6
129.2,2837.04,0.761,2633.58,45,6
129.3,2833.85,0.819,2635.53,46,6
129.4,2838.24,0.93,2638.24,46,6
129.5,2843.69,0.68,2640.31,50,6
129.6,2838.99,0.651,2642.23,48,6
129.7,2836.82,0.751,2645.56,49,6
129.8,2829.97,0.938,2647.84,45,6
129.9,2839.99,0.982,2649.71,46,6
130.0,2837.26,0.744,2651.69,50,6
130.1,2835.75,0.737,2654.27,46,6
130.2,2851.76,0.842,2656.46,50,6
130.3,2867.76,0.838,2657.98,48,6
130.4,2873.17,1.037,2661.06,49,6
130.5,2884.56,1.009,2664.33,45,6
130.6,2896.17,0.814,2665.58,46,6
130.7,2908.27,0.885,2667.28,49,6
130.8,2918.75,0.633,2670.37,49,6
130.9,2924.29,0.946,2671.81,45,6
131.0,2928.75,0.71,2673.97,45,6
131.1,2942.41,0.981,2671.65,45,6
131.2,2937.44,0.765,2673.29,50,6
131.3,2948.22,0.726,2676.54,46,6
131.4,2939.72,0.798,2679.73,48,6
131.5,2932.23,0.769,2682.9,48,6
131.6,2943.69,0.677,2685.21,49,6
131.7,2933.94,0.769,2688.48,49,6
131.8,2948.8,0.682,2689.87,50,6
131.9,2938.85,0.939,2692.24,47,6
132.0,2950.63,0.848,2695.04,48,6
132.1,2946.85,0.876,2696.39,50,6
132.2,2939.4,0.494,2693.98,46,6
132.3,2943.48,0.782,2696.55,48,6
132.4,2946.42,0.623,2695.92,48,6
132.5,2955.44,0.467,2697.61,45,6
132.6,2944.27,0.828,2700.76,48,6
132.7,2956.24,0.489,2702.35,50,6
132.8,2964.79,0.809,2705.07,49,6
132.9,2976.98,0.436,2707.93,46,6
133.0,2971.33,0.49,2709.77,50,6
133.1,2967.47,0.67,2711.86,48,6
133.2,2955.51,0.722,2714.14,47,6
133.3,2949.91,0.609,2716.44,46,6
133.4,2943.33,0.559,2718.18,48,6
133.5,2944.08,0.601,2721.58,46,6
133.6,2955.11,0.714,2724.09,49,6
133.7,2959.74,0.69,2727.04,50,6
133.8,2946.27,0.438,2729.03,47,6
133.9,2955.63,0.516,2730.34,46,6
134.0,2953.12,0.427,2727.36,49,6
134.1,2949.71,0.643,2729.73,45,6
134.2,2945.07,0.485,2732.15,49,6
134.3,2936.43,0.668,2733.88,47,6
134.4,2925.72,0.501,2736.12,50,6
134.5,2936.08,0.623,2737.32,50,6
134.6,2933.44,0.343,2739.86,47,6
134.7,2932.28,0.319,2741.53,47,6
134.8,2933.92,0.528,2744.86,48,6
134.9,2926.76,0.588,2746.8,45,6
135.0,2938.0,0.179,2748.1,48,6
135.1,2948.13,0.301,2750.13,50,6
135.2,2940.61,0.188,2752.61,45,6
135.3,2926.87,0.496,2755.55,50,6
135.4,2932.0,0.477,2758.96,46,6
135.5,2922.04,0.382,2760.58,49,6
135.6,2921.11,0.235,2758.53,47,6
135.7,2924.85,0.113,2761.64,50,6
135.8,2922.62,0.21,2764.84,48,6
135.9,2927.73,0.336,2767.98,48,6
136.0,2935.74,0.384,2769.9,48,6
136.1,2947.08,0.177,2771.84,48,6
136.2,2950.2,0.193,2773.65,47,6
136.3,2936.03,0.422,2777.06,48,6
136.4,2940.56,0.166,2776.09,49,6
136.5,2945.69,0.219,2778.26,50,6
136.6,2955.25,0.278,2777.15,49,6
136.7,2956.58,0.365,2779.73,45,6
136.8,2959.77,0.448,2781.06,45,6
136.9,2958.79,0.455,2779.33,48,6
137.0,2965.14,0.293,2781.89,50,6
137.1,2951.82,0.414,2784.92,50,6
137.2,2965.0,0.45,2787.49,49,6
137.3,2967.16,0.141,2786.22,47,6
137.4,2959.75,0.428,2789.39,50,6
137.5,2950.42,0.1,2791.66,49,6
137.6,2953.68,0.153,2788.92,48,6
137.7,2942.93,0.331,2786.52,46,6
137.8,2931.28,0.251,2787.76,46,6
137.9,2929.38,0.121,2790.23,50,6
138.0,2930.46,0.318,2793.05,50,6
138.1,2935.4,0.1,2794.94,47,6
138.2,2947.8,0.37,2797.73,47,6
138.3,2942.38,0.133,2795.69,48,6
138.4,2941.47,0.152,2798.71,47,6
138.5,2932.65,0.237,2800.83,46,6
138.6,2929.18,0.25,2802.8,48,6
138.7,2917.83,0.1,2805.48,46,6
138.8,2918.32,0.1,2808.77,46,6
138.9,2912.14,0.156,2810.44,46,6
139.0,2911.6,0.403,2813.7,47,6
139.1,2925.86,0.412,2816.52,46,6
139.2,2923.86,0.293,2818.84,48,6
139.3,2928.52,0.1,2820.9,45,6
139.4,2937.29,0.259,2823.23,50,6
139.5,2934.32,0.192,2826.51,49,6
139.6,2949.53,0.366,2829.26,49,6
139.7,2952.49,0.42,2831.21,50,6
139.8,2950.01,0.519,2834.33,46,6
139.9,2946.1,0.19,2837.44,49,6
140.0,2941.89,0.412,2839.0,50,6
140.1,2944.91,0.163,2842.08,48,6
140.2,2944.85,0.309,2845.1,45,6
140.3,2935.51,0.552,2848.34,45,6
140.4,2933.69,0.624,2849.62,49,6
140.5,2948.38,0.204,2851.43,46,6
140.6,2950.71,0.637,2853.79,50,6
140.7,2960.43,0.588,2856.86,45,6
140.8,2959.48,0.226,2855.55,45,6
140.9,2956.91,0.671,2857.06,50,6
141.0,2967.0,0.347,2860.31,48,6
141.1,2964.1,0.443,2863.59,49,6
141.2,2966.95,0.342,2867.04,46,6
141.3,2958.46,0.674,2869.27,46,6
141.4,2974.04,0.369,2871.29,47,6
141.5,2986.42,0.376,2874.31,46,6
141.6,2990.28,0.462,2877.0,45,6
141.7,2986.33,0.373,2878.99,48,6
141.8,2991.04,0.353,2877.26,49,6
141.9,3005.03,0.44,2879.53,48,6
142.0,3022.02,0.744,2882.11,46,6
142.1,3026.57,0.481,2884.57,46,6
142.2,3033.26,0.463,2887.12,47,6
142.3,3030.77,0.621,2890.14,48,6
142.4,3026.65,0.442,2893.33,49,6
142.5,3032.71,0.861,2895.04,45,6
142.6,3047.1,0.629,2897.05,45,6
142.7,3037.74,0.539,2899.3,48,6
142.8,3050.2,0.681,2900.74,48,6
142.9,3041.58,0.617,2902.99,46,6
143.0,3038.83,0.541,2906.04,47,6
143.1,3048.91,0.801,2908.58,45,6
143.2,3058.03,0.648,2910.14,46,6
143.3,3059.24,0.729,2912.62,49,6
143.4,3073.14,0.654,2911.07,46,6
143.5,3066.14,0.678,2914.21,45,6
143.6,3056.43,0.805,2916.94,47,6
143.7,3056.88,0.546,2918.85,45,6
143.8,3071.49,0.697,2921.99,47,6
143.9,3076.49,0.678,2925.21,46,6
144.0,3068.68,0.793,2928.61,49,6
144.1,3067.0,0.615,2931.23,48,6
144.2,3076.73,0.874,2933.63,48,6
144.3,3074.79,1.01,2935.31,45,6
144.4,3082.14,0.871,2938.24,47,6
144.5,3095.86,1.017,2940.15,45,6
144.6,3103.46,0.605,2937.18,47,6
144.7,3106.87,0.703,2938.75,45,6
144.8,3115.88,0.98,2941.25,49,6
144.9,3130.1,0.872,2943.89,50,6
145.0,3140.42,0.638,2946.36,46,6
145.1,3136.42,0.703,2948.11,47,6
145.2,3143.71,0.93,2949.59,47,6
145.3,3134.67,0.706,2951.14,47,6
145.4,3137.75,1.009,2954.16,49,6
145.5,3146.13,0.699,2957.52,46,6
145.6,3143.24,0.962,2959.11,49,6
145.7,3144.92,0.955,2957.34,48,6
145.8,3150.47,0.826,2959.31,49,6
145.9,3144.28,0.704,2961.76,47,6
146.0,3137.52,0.98,2963.6,46,6
146.1,3126.62,0.734,2965.25,50,6
146.2,3113.82,0.665,2968.24,46,6
146.3,3103.92,0.822,2971.25,45,6
146.4,3096.4,0.588,2973.19,45,6
146.5,3089.93,1.02,2972.22,50,6
146.6,3080.91,0.871,2973.76,46,6
146.7,3089.68,0.913,2976.66,50,6
146.8,3084.85,0.99,2978.15,48,6
146.9,3076.07,0.903,2981.56,48,6
147.0,3074.63,0.869,2983.92,50,6
147.1,3077.66,0.711,2985.41,45,6
147.2,3085.2,0.825,2987.5,48,6
147.3,3094.0,0.661,2990.56,47,6
147.4,3080.64,0.611,2992.77,45,6
147.5,3073.06,0.677,2994.87,50,6
147.6,3063.04,0.77,2996.55,49,6
147.7,3069.77,0.559,2998.35,47,6
147.8,3077.96,0.578,3000.69,46,6
147.9,3073.35,0.519,3002.21,46,6
148.0,3060.66,0.651,3004.33,48,6
148.1,3060.99,0.51,3005.57,45,6
148.2,3069.11,0.472,3006.85,47,6
148.3,3058.82,0.468,3003.95,48,6
148.4,3066.34,0.848,3001.31,49,6
148.5,3077.44,0.61,2998.89,50,6
148.6,3081.41,0.8,3001.15,47,6
148.7,3073.34,0.586,3002.74,46,6
148.8,3062.54,0.497,3005.45,48,6
148.9,3065.43,0.398,3008.87,47,6
149.0,3067.5,0.765,3010.14,45,6
149.1,3078.65,0.367,3012.5,50,6
149.2,3071.2,0.457,3014.79,46,6
149.3,3065.25,0.324,3017.52,45,6
149.4,3076.71,0.342,3019.69,49,6
149.5,3083.27,0.4,3022.28,49,6
149.6,3074.72,0.642,3024.1,49,6
149.7,3078.74,0.447,3026.63,48,6
149.8,3081.05,0.543,3029.63,49,6
149.9,3088.91,0.654,3032.29,47,6
150.0,3080.18,0.604,3033.58,45,6
150.1,3078.26,0.258,3035.37,46,6
150.2,3076.35,0.442,3038.46,46,6
150.3,3074.01,0.435,3041.33,45,6
150.4,3081.59,0.21,3043.88,49,6
150.5,3069.11,0.182,3046.71,49,6
150.6,3058.57,0.277,3049.8,46,6
150.7,3064.31,0.278,3051.01,48,6
150.8,3068.29,0.512,3052.84,50,6
150.9,3063.86,0.238,3054.7,45,6
151.0,3073.92,0.17,3056.41,47,6
151.1,3066.1,0.12,3058.51,48,6
151.2,3076.57,0.187,3061.62,45,6
151.3,3082.29,0.264,3063.33,45,6
151.4,3078.13,0.294,3065.93,46,6
151.5,3088.51,0.318,3068.44,50,6
151.6,3097.26,0.31,3069.67,48,6
151.7,3099.48,0.129,3071.6,46,6
151.8,3111.74,0.403,3070.82,46,6
151.9,3116.32,0.13,3069.25,50,6
152.0,3122.02,0.202,3072.51,49,6
152.1,3123.23,0.146,3071.43,45,6
152.2,3136.46,0.415,3074.17,46,6
152.3,3144.77,0.225,3077.62,48,6
152.4,3156.31,0.271,3079.63,48,6
152.5,3163.71,0.225,3082.35,48,6
152.6,3179.42,0.1,3085.38,48,6
152.7,3187.56,0.275,3088.34,45,6
152.8,3185.82,0.14,3091.35,46,6
152.9,3198.19,0.33,3094.17,46,6
153.0,3204.09,0.227,3095.68,49,6
153.1,3196.07,0.1,3097.7,47,6
153.2,3204.29,0.19,3100.9,48,6
153.3,3200.69,0.1,3102.91,50,6
153.4,3218.08,0.143,3104.92,50,6
153.5,3221.7,0.1,3108.14,47,6
153.6,3229.05,0.142,3111.37,49,6
153.7,3220.75,0.2,3113.67,48,6
153.8,3215.17,0.335,3116.02,50,6
153.9,3229.16,0.322,3119.2,46,6
154.0,3226.54,0.274,3122.23,45,6
154.1,3224.72,0.252,3124.77,46,6
154.2,3225.78,0.1,3126.59,50,6
154.3,3231.73,0.1,3127.88,49,6
154.4,3227.75,0.421,3130.26,47,6
154.5,3225.78,0.28,3133.75,46,6
154.6,3230.45,0.288,3136.76,50,6
154.7,3234.94,0.1,3139.9,46,6
154.8,3228.38,0.142,3143.25,45,6
154.9,3243.11,0.1,3146.09,47,6
155.0,3240.0,0.518,3147.94,47,6
155.1,3245.26,0.185,3149.27,45,6
155.2,3251.72,0.317,3152.22,50,6
155.3,3256.35,0.372,3153.83,45,6
155.4,3273.46,0.229,3156.41,45,6
155.5,3281.62,0.555,3157.75,45,6
155.6,3271.97,0.387,3160.32,46,6
155.7,3285.35,0.402,3162.8,46,6
155.8,3284.97,0.546,3164.43,47,6
155.9,3277.28,0.157,3166.93,50,6
156.0,3285.86,0.484,3169.7,47,6
156.1,3283.08,0.413,3171.6,46,6
156.2,3273.55,0.393,3169.78,48,6
156.3,3288.01,0.343,3172.71,46,6
156.4,3285.78,0.279,3175.31,49,6
156.5,3294.83,0.374,3177.8,45,6
156.6,3307.12,0.56,3179.29,47,6
156.7,3317.22,0.605,3181.08,50,6
156.8,3329.71,0.355,3182.74,49,6
156.9,3328.92,0.271,3184.45,45,6
157.0,3340.09,0.555,3187.5,46,6
157.1,3349.19,0.685,3189.81,46,6
157.2,3352.25,0.385,3192.32,48,6
157.3,3351.36,0.66,3194.95,45,6
157.4,3340.68,0.673,3196.26,46,6
157.5,3331.39,0.406,3195.06,47,6
157.6,3320.72,0.702,3197.39,48,6
157.7,3320.62,0.801,3199.85,46,6
157.8,3318.24,0.433,3201.85,50,6
157.9,3324.79,0.501,3204.58,46,6
158.0,3315.44,0.464,3205.85,45,6
158.1,3305.79,0.516,3203.02,49,6
158.2,3299.34,0.455,3205.04,48,6
158.3,3299.92,0.741,3207.25,49,6
158.4,3311.52,0.56,3209.15,47,6
158.5,3304.15,0.768,3210.73,49,6
158.6,3296.2,0.518,3211.97,48,6
158.7,3303.68,0.796,3214.31,46,6
158.8,3305.01,0.881,3215.92,45,6
158.9,3314.17,0.9,3218.86,45,6
159.0,3322.42,0.726,3221.27,50,6
159.1,3314.21,0.936,3223.77,49,6
159.2,3308.83,0.751,3222.84,46,6
159.3,3315.91,0.845,3224.81,48,6
159.4,3328.16,0.939,3227.61,49,6
159.5,3339.55,0.826,3228.83,46,6
159.6,3329.71,0.88,3231.01,48,6
159.7,3318.64,0.722,3232.72,46,6
159.8,3328.52,0.743,3235.8,47,6
159.9,3317.98,0.86,3237.87,45,6
160.0,3321.89,1.01,3240.75,47,6
160.1,3312.48,0.692,3242.92,50,6
160.2,3315.03,0.592,3245.17,48,6
160.3,3304.9,0.842,3246.42,45,6
160.4,3294.24,0.604,3248.68,48,6
160.5,3299.95,0.809,3251.98,48,6
160.6,3295.69,0.648,3254.92,48,6
160.7,3305.75,0.954,3257.25,49,6
160.8,3304.25,0.914,3259.04,50,6
160.9,3300.14,0.911,3260.94,49,6
161.0,3310.83,0.833,3262.56,49,6
161.1,3315.46,0.683,3264.44,46,6
161.2,3309.94,0.646,3263.89,50,6
161.3,3298.62,1.029,3267.03,48,6
161.4,3296.22,0.679,3264.89,45,6
161.5,3305.93,0.785,3267.77,47,6
161.6,3298.72,0.597,3269.52,46,6
161.7,3300.23,0.601,3272.16,47,6
161.8,3297.17,0.789,3273.43,47,6
161.9,3290.67,0.699,3275.04,45,6
162.0,3286.7,0.856,3278.43,48,6
162.1,3299.04,0.715,3281.44,49,6
162.2,3300.96,0.785,3283.91,49,6
162.3,3294.6,0.63,3286.85,46,6
162.4,3291.94,0.66,3290.21,49,6
162.5,3296.52,0.76,3293.06,45,6
162.6,3286.09,0.975,3295.42,47,6
162.7,3274.9,0.854,3297.56,45,6
162.8,3279.38,0.681,3300.28,46,6
162.9,3271.16,0.542,3302.7,50,6
163.0,3261.37,0.916,3304.63,45,6
163.1,3258.27,0.798,3307.45,49,6
163.2,3256.48,0.646,3309.77,50,6
163.3,3259.29,0.756,3311.36,47,6
163.4,3250.13,0.633,3313.16,49,6
163.5,3256.57,0.678,3316.05,50,6
163.6,3252.75,0.706,3317.53,45,6
163.7,3253.99,0.867,3319.96,47,6
163.8,3255.57,0.737,3318.09,47,6
163.9,3258.28,0.479,3320.59,48,6
164.0,3266.58,0.671,3319.74,50,6
164.1,3271.96,0.591,3321.19,49,6
164.2,3286.27,0.594,3323.88,47,6
164.3,3284.83,0.682,3325.27,46,6
164.4,3300.39,0.776,3326.51,45,6
164.5,3290.38,0.617,3329.98,49,6
164.6,3304.43,0.571,3328.9,50,6
164.7,3296.61,0.607,3331.58,48,6
164.8,3286.72,0.452,3334.54,46,6
164.9,3277.77,0.381,3337.3,47,6
165.0,3277.78,0.538,3338.73,48,6
165.1,3278.78,0.692,3337.83,49,6
165.2,3274.27,0.64,3339.25,49,6
165.3,3291.39,0.345,3342.74,47,6
165.4,3288.25,0.325,3345.25,50,6
165.5,3281.18,0.512,3348.23,46,6
165.6,3275.33,0.357,3346.6,50,6
165.7,3284.59,0.54,3349.18,45,6
165.8,3283.0,0.59,3351.3,48,6
165.9,3295.53,0.256,3352.9,47,6
166.0,3301.6,0.47,3354.82,49,6
166.1,3301.94,0.365,3356.79,46,6
166.2,3307.47,0.168,3359.65,49,6
166.3,3306.81,0.461,3361.19,47,6
166.4,3322.52,0.182,3363.32,49,6
166.5,3321.31,0.352,3366.76,50,6
166.6,3336.79,0.443,3370.07,50,6
166.7,3331.8,0.351,3371.88,46,6
166.8,3326.95,0.169,3374.07,48,6
166.9,3320.54,0.39,3376.32,49,6
167.0,3331.95,0.263,3379.68,48,6
167.1,3334.55,0.317,3381.51,49,6
167.2,3329.48,0.105,3383.04,47,6
167.3,3324.69,0.426,3386.42,49,6
167.4,3320.95,0.464,3388.25,45,6
167.5,3321.65,0.464,3390.83,50,6
167.6,3324.8,0.246,3394.22,45,6
167.7,3319.3,0.216,3396.38,50,6
167.8,3319.24,0.228,3398.98,46,6
167.9,3330.24,0.354,3400.91,50,6
168.0,3334.03,0.299,3404.34,45,6
168.1,3327.26,0.237,3407.64,50,6
168.2,3326.6,0.456,3409.03,50,6
168.3,3318.05,0.1,3412.28,47,6
168.4,3314.4,0.255,3414.85,48,6
168.5,3309.27,0.138,3413.42,47,6
168.6,3317.91,0.1,3416.41,46,6
168.7,3316.58,0.35,3417.99,45,6
168.8,3309.56,0.346,3420.67,47,6
168.9,3317.82,0.308,3422.01,46,6
169.0,3308.32,0.223,3419.72,48,6
169.1,3303.64,0.262,3421.28,48,6
169.2,3304.87,0.35,3424.39,46,6
169.3,3305.59,0.388,3422.35,45,6
169.4,3297.9,0.12,3424.63,47,6
169.5,3305.62,0.382,3427.38,49,6
169.6,3312.18,0.326,3430.37,45,6
169.7,3318.0,0.191,3433.63,48,6
169.8,3317.56,0.159,3435.9,47,6
169.9,3325.26,0.354,3437.21,50,6
170.0,3314.78,0.298,3439.62,46,6
170.1,3326.7,0.3,3441.11,49,6
170.2,3315.9,0.154,3444.07,47,6
170.3,3330.08,0.419,3445.9,46,6
170.4,3342.81,0.237,3447.17,45,6
170.5,3335.12,0.21,3449.13,46,6
170.6,3324.55,0.449,3451.72,50,6
170.7,3314.82,0.245,3453.17,50,6
170.8,3303.14,0.178,3454.37,48,6
170.9,3301.47,0.483,3456.63,50,6
171.0,3294.57,0.527,3459.26,45,6
171.1,3305.92,0.161,3460.91,49,6
171.2,3315.49,0.149,3463.03,45,6
171.3,3317.95,0.315,3466.11,47,6
171.4,3314.46,0.155,3468.95,49,6
171.5,3301.45,0.27,3471.99,45,6
171.6,3299.98,0.452,3474.75,49,6
171.7,3310.52,0.537,3476.03,47,6
171.8,3311.12,0.226,3478.5,49,6
171.9,3298.85,0.334,3480.07,50,6
172.0,3299.7,0.428,3483.08,50,6
172.1,3287.7,0.625,3480.34,49,6
172.2,3274.36,0.335,3483.83,49,6
172.3,3277.94,0.458,3487.3,50,6
172.4,3265.65,0.552,3489.26,49,6
172.5,3268.69,0.47,3492.32,50,6
172.6,3269.2,0.521,3493.72,50,6
172.7,3257.13,0.39,3492.37,47,6
172.8,3242.9,0.702,3494.36,49,6
172.9,3253.25,0.375,3491.69,49,6
173.0,3243.77,0.356,3494.07,48,6
173.1,3250.97,0.567,3495.49,45,6
173.2,3245.71,0.47,3498.8,48,6
173.3,3247.07,0.543,3500.84,46,6
173.4,3250.47,0.366,3504.02,46,6
173.5,3240.98,0.703,3506.16,50,6
173.6,3249.44,0.439,3503.77,47,6
173.7,3254.88,0.56,3505.82,47,6
173.8,3261.88,0.491,3507.39,45,6
173.9,3269.69,0.711,3509.03,50,6
174.0,3267.87,0.575,3510.81,50,6
174.1,3261.85,0.506,3512.99,47,6
174.2,3266.48,0.657,3514.67,47,6
174.3,3267.15,0.515,3517.39,46,6
174.4,3269.65,0.694,3519.96,47,6
174.5,3265.22,0.576,3521.64,48,6
174.6,3257.21,0.616,3524.01,47,6
174.7,3246.26,0.562,3527.16,50,6
174.8,3244.11,0.595,3530.4,47,6
174.9,3251.06,0.754,3533.6,50,6
175.0,3243.12,0.526,3536.78,46,6
175.1,3245.2,0.685,3535.52,48,6
175.2,3257.22,0.875,3537.4,49,6
175.3,3268.07,0.944,3540.12,47,6
175.4,3267.87,0.898,3542.47,47,6
175.5,3281.82,1.004,3545.79,49,6
175.6,3286.34,0.715,3548.64,45,6
175.7,3286.03,0.965,3551.43,49,6
175.8,3292.68,0.664,3554.38,49,6
175.9,3288.89,1.026,3556.27,45,6
176.0,3293.94,0.764,3559.54,49,6
176.1,3302.23,0.891,3561.85,49,6
176.2,3297.91,0.979,3563.23,50,6
176.3,3311.42,0.646,3561.82,46,6
176.4,3324.66,0.808,3564.22,45,6
176.5,3316.52,1.02,3566.13,49,6
176.6,3313.68,0.65,3568.13,46,6
176.7,3306.64,0.818,3571.05,47,6
176.8,3305.08,0.9,3572.69,49,6
176.9,3295.03,1.043,3575.08,50,6
177.0,3287.07,0.977,3576.4,45,6
177.1,3282.18,0.844,3578.41,50,6
177.2,3279.57,0.931,3579.87,47,6
177.3,3270.57,0.992,3581.37,47,6
177.4,3280.84,0.9,3583.8,46,6
177.5,3295.36,0.79,3586.87,46,6
177.6,3289.58,0.856,3588.91,48,6
177.7,3289.39,0.805,3592.17,50,6
177.8,3300.29,1.005,3595.22,46,6
177.9,3307.7,0.884,3598.7,48,6
178.0,3319.08,0.636,3600.66,48,6
178.1,3330.58,0.964,3603.88,50,6
178.2,3321.74,0.891,3605.33,47,6
178.3,3339.44,0.644,3607.21,49,6
178.4,3352.61,0.866,3609.31,45,6
178.5,3366.92,0.939,3612.35,50,6
178.6,3367.73,0.732,3613.64,49,6
178.7,3383.33,0.608,3616.5,45,6
178.8,3395.61,0.937,3619.85,50,6
178.9,3405.1,0.725,3621.62,46,6
179.0,3409.71,0.796,3623.35,46,6
179.1,3411.01,0.687,3626.8,50,6
179.2,3414.82,0.688,3628.58,48,6
179.3,3411.26,0.603,3630.71,48,6
179.4,3413.76,0.677,3634.03,46,6
179.5,3408.64,0.822,3636.35,46,6
179.6,3423.01,0.551,3637.75,48,6
179.7,3431.15,0.844,3639.05,48,6
179.8,3427.78,0.77,3642.01,49,6
179.9,3424.56,0.841,3644.16,48,6
180.0,3433.79,0.714,3646.36,47,6
180.1,3429.75,0.621,3647.59,49,6
180.2,3426.1,0.482,3648.82,47,6
180.3,3417.71,0.554,3651.21,46,6
180.4,3426.12,0.357,3654.37,50,6
180.5,3419.55,0.408,3657.26,46,6
180.6,3427.51,0.429,3659.57,45,6
180.7,3426.07,0.568,3662.74,50,6
180.8,3420.38,0.548,3665.33,47,6
180.9,3415.52,0.723,3667.65,45,6
181.0,3428.24,0.684,3668.89,46,6
181.1,3443.95,0.591,3671.88,46,6
181.2,3447.72,0.444,3674.35,45,6
181.3,3441.6,0.538,3673.05,48,6
181.4,3442.67,0.249,3675.03,48,6
181.5,3451.05,0.404,3677.39,47,6
181.6,3462.78,0.352,3676.6,48,6
181.7,3478.22,0.406,3679.32,47,6
181.8,3484.84,0.317,3680.83,45,6
181.9,3484.8,0.366,3682.26,47,6
182.0,3479.96,0.192,3684.16,46,6
182.1,3488.69,0.486,3681.9,48,6
182.2,3486.25,0.228,3679.06,46,6
182.3,3493.93,0.234,3680.92,49,6
182.4,3488.51,0.15,3683.69,45,6
182.5,3484.1,0.427,3681.62,46,6
182.6,3473.98,0.286,3683.02,48,6
182.7,3479.61,0.33,3685.98,48,6
182.8,3477.64,0.158,3687.67,50,6
182.9,3477.99,0.241,3689.02,46,6
183.0,3470.12,0.363,3690.95,47,6
183.1,3466.45,0.148,3693.94,50,6
183.2,3453.66,0.181,3696.37,48,6
183.3,3450.55,0.191,3699.15,46,6
183.4,3460.74,0.326,3702.44,45,6
183.5,3449.19,0.132,3703.94,45,6
183.6,3447.97,0.138,3707.23,50,6
183.7,3442.46,0.149,3709.06,46,6
183.8,3444.42,0.1,3712.4,50,6
183.9,3453.71,0.1,3715.59,49,6
184.0,3463.74,0.205,3717.39,48,6
184.1,3455.45,0.276,3720.65,45,6
184.2,3449.72,0.432,3722.22,47,6
184.3,3435.4,0.165,3724.28,50,6
184.4,3442.69,0.378,3727.07,46,6
184.5,3439.82,0.146,3730.5,48,6
184.6,3431.9,0.424,3732.59,45,6
184.7,3421.5,0.393,3735.76,50,6
184.8,3425.93,0.214,3738.66,48,6
184.9,3433.92,0.293,3740.36,46,6
185.0,3420.31,0.268,3739.73,49,6
185.1,3431.57,0.377,3741.46,46,6
185.2,3432.72,0.368,3743.61,48,6
185.3,3422.53,0.337,3745.49,49,6
185.4,3413.55,0.134,3746.81,49,6
185.5,3417.68,0.1,3750.09,46,6
185.6,3414.74,0.332,3747.19,48,6
185.7,3423.53,0.441,3750.45,50,6
185.8,3420.62,0.216,3752.0,45,6
185.9,3408.49,0.233,3755.37,50,6
186.0,3394.16,0.421,3758.2,45,6
186.1,3401.33,0.358,3761.14,49,6
186.2,3394.44,0.42,3762.54,46,6
186.3,3388.26,0.159,3764.9,49,6
186.4,3390.41,0.449,3767.26,50,6
186.5,3387.47,0.401,3769.34,46,6
186.6,3379.39,0.43,3772.81,45,6
186.7,3384.93,0.139,3775.61,49,6
186.8,3388.92,0.51,3776.89,45,6
186.9,3391.73,0.36,3779.37,49,6
187.0,3392.73,0.225,3781.91,49,6
187.1,3381.33,0.392,3784.94,49,6
187.2,3374.43,0.389,3787.52,48,6
187.3,3387.5,0.183,3790.06,50,6
187.4,3396.28,0.573,3792.47,49,6
187.5,3383.41,0.185,3795.34,50,6
187.6,3372.38,0.613,3797.66,48,6
187.7,3373.02,0.351,3801.0,45,6
187.8,3361.44,0.397,3802.28,48,6
187.9,3375.16,0.433,3805.46,49,6
188.0,3372.97,0.623,3808.37,46,6
188.1,3381.21,0.421,3811.16,50,6
188.2,3377.81,0.408,3812.74,49,6
188.3,3381.91,0.493,3815.85,50,6
188.4,3374.67,0.403,3818.82,48,6
188.5,3385.95,0.68,3820.46,48,6
188.6,3391.23,0.702,3821.81,46,6
188.7,3382.01,0.418,3824.49,49,6
188.8,3377.58,0.404,3821.63,48,6
188.9,3383.38,0.54,3820.06,50,6
189.0,3381.28,0.775,3822.6,47,6
189.1,3378.97,0.699,3825.53,45,6
189.2,3370.87,0.556,3824.32,48,6
189.3,3360.13,0.633,3826.45,45,6
189.4,3365.72,0.672,3824.38,49,6
189.5,3365.4,0.843,3827.34,50,6
189.6,3361.83,0.793,3830.13,45,6
189.7,3365.6,0.626,3833.26,46,6
189.8,3380.09,0.666,3832.39,45,6
189.9,3374.18,0.649,3833.76,49,6
190.0,3382.82,0.729,3836.42,45,6
190.1,3381.13,0.541,3839.27,48,6
190.2,3390.31,0.845,3842.05,45,6
190.3,3399.85,0.492,3844.36,47,6
190.4,3408.31,0.799,3842.62,49,6
190.5,3410.57,0.912,3844.34,49,6
190.6,3427.48,0.828,3846.04,47,6
190.7,3442.38,0.647,3848.29,48,6
190.8,3453.5,0.839,3851.74,50,6
190.9,3465.69,0.986,3853.52,49,6
191.0,3458.9,0.677,3855.5,45,6
191.1,3463.77,0.908,3858.81,50,6
191.2,3454.81,0.868,3861.63,47,6
191.3,3455.01,0.613,3864.61,46,6
191.4,3467.29,1.007,3866.09,47,6
191.5,3475.9,1.004,3867.64,46,6
191.6,3484.08,1.013,3870.07,45,6
191.7,3499.56,0.688,3873.26,46,6
191.8,3491.93,0.942,3875.24,49,6
191.9,3505.23,0.958,3877.6,45,6
192.0,3512.29,0.911,3879.25,48,6
192.1,3509.8,0.848,3880.6,47,6
192.2,3523.31,0.69,3883.3,50,6
192.3,3533.7,0.95,3884.94,49,6
192.4,3531.69,0.753,3888.33,48,6
192.5,3548.65,0.648,3890.2,45,6
192.6,3562.95,0.938,3891.72,48,6
192.7,3569.4,0.898,3894.32,45,6
192.8,3575.15,1.025,3897.5,50,6
192.9,3580.22,0.99,3899.39,46,6
193.0,3579.32,1.005,3902.13,47,6
193.1,3585.28,0.82,3905.6,50,6
193.2,3577.37,0.806,3903.72,46,6
193.3,3574.86,0.955,3905.47,47,6
193.4,3571.48,1.025,3907.64,45,6
193.5,3568.97,0.966,3905.67,46,6
193.6,3584.11,0.875,3907.82,45,6
193.7,3581.29,0.768,3910.23,46,6
193.8,3591.06,0.741,3913.58,45,6
193.9,3594.07,0.826,3916.78,46,6
194.0,3604.89,0.565,3920.1,45,6
194.1,3616.1,0.68,3922.21,50,6
194.2,3613.87,0.91,3924.1,49,6
194.3,3607.31,0.538,3927.6,46,6
194.4,3605.91,0.703,3930.53,45,6
194.5,3602.21,0.893,3932.83,48,6
194.6,3617.54,0.924,3935.12,48,6
194.7,3628.87,0.727,3937.04,45,6
194.8,3635.22,0.657,3939.95,49,6
194.9,3637.96,0.714,3941.83,46,6
195.0,3634.07,0.623,3943.13,46,6
195.1,3634.98,0.699,3946.16,50,6
195.2,3646.97,0.676,3949.29,48,6
195.3,3650.14,0.833,3950.52,49,6
195.4,3662.93,0.829,3954.01,49,6
195.5,3661.95,0.523,3953.29,48,6
195.6,3669.63,0.813,3955.61,50,6
195.7,3662.3,0.559,3958.23,47,6
195.8,3661.36,0.485,3960.78,48,6
195.9,3671.77,0.511,3962.66,50,6
196.0,3660.09,0.676,3964.35,45,6
196.1,3669.79,0.477,3967.12,50,6
196.2,3670.25,0.397,3969.5,46,6
196.3,3681.81,0.535,3972.54,50,6
196.4,3692.05,0.711,3975.11,49,6
196.5,3701.04,0.303,3977.12,47,6
196.6,3702.92,0.596,3980.36,46,6
196.7,3714.53,0.301,3983.46,46,6
196.8,3727.0,0.272,3986.37,48,6
196.9,3716.78,0.475,3983.95,50,6
197.0,3728.43,0.445,3987.16,46,6
197.1,3718.71,0.631,3990.39,49,6
197.2,3705.95,0.479,3992.41,50,6
197.3,3710.26,0.492,3995.42,49,6
197.4,3706.1,0.458,3997.86,49,6
197.5,3695.14,0.233,4001.0,50,6
197.6,3690.32,0.371,4002.84,45,6
197.7,3691.27,0.298,4004.46,50,6
197.8,3692.34,0.231,4007.39,50,6
197.9,3702.25,0.406,4009.4,48,6
198.0,3702.5,0.196,4008.14,49,6
198.1,3695.57,0.339,4005.99,48,6
198.2,3681.79,0.433,4009.27,47,6
198.3,3693.3,0.529,4008.07,47,6
198.4,3681.92,0.392,4009.42,49,6
198.5,3671.56,0.251,4008.04,45,6
198.6,3679.85,0.123,4006.23,46,6
198.7,3682.83,0.254,4009.16,45,6
198.8,3678.55,0.357,4012.52,46,6
198.9,3682.61,0.127,4015.21,47,6
199.0,3689.94,0.407,4018.14,46,6
199.1,3684.77,0.412,4020.84,47,6
199.2,3695.59,0.165,4022.51,48,6
199.3,3683.77,0.265,4024.88,47,6
199.4,3676.84,0.42,4023.5,48,6
199.5,3681.97,0.1,4026.94,47,6
199.6,3669.49,0.194,4026.12,47,6
199.7,3659.14,0.451,4028.13,50,6
199.8,3662.49,0.234,4030.25,49,6
199.9,3670.54,0.1,4033.2,47,6
200.0,3659.9,0.24,4035.04,47,6
200.1,3664.94,0.438,4037.62,48,6
200.2,3675.46,0.308,4040.46,50,6
200.3,3679.7,0.166,4041.87,50,6
200.4,3680.14,0.217,4040.06,48,6
200.5,3686.6,0.178,4043.25,47,6
200.6,3693.89,0.382,4045.16,48,6
200.7,3705.52,0.201,4043.93,45,6
200.8,3716.85,0.202,4045.74,49,6
200.9,3711.88,0.242,4047.34,46,6
201.0,3719.22,0.1,4049.03,46,6
201.1,3733.27,0.1,4051.72,50,6
201.2,3721.71,0.1,4053.72,50,6
201.3,3726.75,0.329,4057.06,50,6
201.4,3721.12,0.354,4059.65,45,6
201.5,3721.3,0.145,4062.14,50,6
201.6,3731.11,0.173,4064.82,49,6
201.7,3744.12,0.394,4066.51,45,6
201.8,3755.78,0.243,4067.82,48,6
201.9,3750.82,0.436,4069.52,50,6
202.0,3744.63,0.423,4071.56,45,6
202.1,3743.05,0.279,4072.77,49,6
202.2,3739.63,0.182,4075.29,47,6
202.3,3738.1,0.133,4076.75,48,6
202.4,3733.07,0.332,4079.4,47,6
202.5,3735.03,0.478,4082.67,46,6
202.6,3742.89,0.468,4086.05,49,6
202.7,3749.75,0.527,4089.07,47,6
202.8,3761.34,0.481,4091.89,47,6
202.9,3768.02,0.363,4095.27,46,6
203.0,3772.69,0.255,4096.59,50,6
203.1,3771.26,0.311,4099.34,48,6
203.2,3780.28,0.303,4101.25,49,6
203.3,3783.74,0.576,4104.45,48,6
203.4,3790.76,0.315,4107.18,50,6
203.5,3784.11,0.57,4110.46,49,6
203.6,3799.55,0.247,4112.79,50,6
203.7,3797.41,0.284,4110.48,49,6
203.8,3814.92,0.293,4112.22,49,6
203.9,3822.65,0.552,4115.68,46,6
204.0,3835.33,0.364,4117.55,46,6
204.1,3835.4,0.588,4120.01,50,6
204.2,3840.09,0.296,4118.16,45,6
204.3,3842.59,0.69,4120.07,48,6
204.4,3844.86,0.544,4122.73,49,6
204.5,3836.99,0.705,4124.92,49,6
204.6,3848.94,0.407,4127.17,46,6
204.7,3854.77,0.677,4125.15,48,6
204.8,3861.09,0.462,4126.78,47,6
204.9,3864.74,0.518,4128.65,48,6
205.0,3859.6,0.76,4131.73,49,6
205.1,3851.98,0.587,4134.94,47,6
205.2,3859.29,0.763,4136.52,48,6
205.3,3856.86,0.606,4139.34,49,6
205.4,3860.7,0.556,4142.34,47,6
205.5,3866.75,0.69,4145.51,48,6
205.6,3867.27,0.583,4147.55,47,6
205.7,3861.01,0.661,4150.46,49,6
205.8,3875.44,0.853,4153.59,46,6
205.9,3879.83,0.565,4155.29,47,6
206.0,3894.02,0.746,4158.79,47,6
206.1,3888.99,0.563,4160.33,45,6
206.2,3885.3,0.733,4158.52,46,6
206.3,3888.94,0.525,4160.33,46,6
206.4,3883.93,0.877,4161.86,50,6
206.5,3884.41,0.595,4158.91,50,6
206.6,3883.34,0.706,4160.75,48,6
206.7,3896.47,0.757,4164.18,48,6
206.8,3893.25,0.616,4161.18,45,6
206.9,3901.61,0.972,4162.97,46,6
207.0,3906.45,0.81,4164.85,48,6
207.1,3914.75,0.63,4168.27,45,6
207.2,3919.07,0.652,4169.94,50,6
207.3,3927.8,0.633,4171.52,46,6
207.4,3939.22,0.741,4174.28,46,6
207.5,3947.42,0.62,4176.76,46,6
207.6,3947.49,1.023,4178.37,49,6
207.7,3954.6,0.613,4180.18,47,6
207.8,3963.05,0.683,4182.26,48,6
207.9,3953.54,0.697,4184.97,47,6
208.0,3955.92,0.984,4182.17,45,6
208.1,3955.72,0.89,4183.4,46,6
208.2,3952.56,0.779,4185.66,46,6
208.3,3963.42,0.735,4187.21,50,6
208.4,3951.75,0.646,4189.83,50,6
208.5,3942.33,0.603,4191.95,46,6
208.6,3951.05,0.642,4193.97,47,6
208.7,3949.59,0.61,4195.68,50,6
208.8,3958.85,0.893,4193.11,48,6
208.9,3964.17,0.868,4190.51,49,6
209.0,3961.46,0.677,4192.91,48,6
209.1,3959.29,0.938,4194.47,49,6
209.2,3961.01,0.993,4195.78,47,6
209.3,3957.51,0.896,4198.01,45,6
209.4,3953.77,0.779,4200.25,50,6
209.5,3945.72,0.593,4201.98,47,6
209.6,3953.54,0.567,4204.11,50,6
209.7,3960.2,0.862,4206.0,46,6
209.8,3959.96,0.685,4207.64,46,6
209.9,3950.1,0.914,4211.1,48,6
210.0,3946.09,0.649,4212.48,45,6
210.1,3939.16,0.931,4215.13,45,6
210.2,3935.53,0.573,4216.9,46,6
210.3,3937.43,0.928,4220.21,47,6
210.4,3929.51,0.739,4223.53,48,6
210.5,3920.59,0.777,4225.48,50,6
210.6,3911.57,0.716,4222.58,49,6
210.7,3909.08,0.477,4224.38,45,6
210.8,3898.13,0.886,4227.18,47,6
210.9,3901.11,0.563,4228.91,47,6
211.0,3899.71,0.607,4231.53,46,6
211.1,3890.49,0.625,4234.68,50,6
211.2,3899.5,0.542,4233.5,48,6
211.3,3907.22,0.564,4236.22,48,6
211.4,3893.88,0.533,4238.09,46,6
211.5,3885.2,0.577,4240.67,47,6
211.6,3878.29,0.404,4243.31,50,6
211.7,3883.48,0.765,4244.92,47,6
211.8,3885.78,0.738,4246.64,48,6
211.9,3877.57,0.66,4248.21,50,6
212.0,3875.37,0.486,4250.34,48,6
212.1,3884.76,0.359,4252.95,45,6
212.2,3888.86,0.42,4256.36,46,6
212.3,3885.22,0.385,4259.33,50,6
212.4,3887.35,0.307,4260.58,48,6
212.5,3880.89,0.352,4263.25,47,6
212.6,3892.17,0.25,4264.52,47,6
212.7,3882.0,0.465,4265.94,48,6
212.8,3869.01,0.587,4269.2,49,6
212.9,3876.0,0.534,4270.72,45,6
213.0,3868.79,0.452,4272.98,45,6
213.1,3873.04,0.545,4275.34,49,6
213.2,3871.78,0.35,4278.77,49,6
213.3,3885.82,0.483,4280.46,48,6
213.4,3883.17,0.517,4279.47,45,6
213.5,3893.89,0.395,4281.63,50,6
213.6,3890.85,0.444,4284.61,50,6
213.7,3886.77,0.437,4288.1,47,6
213.8,3883.84,0.163,4291.03,46,6
213.9,3898.45,0.335,4293.52,50,6
214.0,3912.64,0.117,4291.35,50,6
214.1,3907.81,0.162,4293.1,49,6
214.2,3904.23,0.361,4294.41,45,6
214.3,3897.93,0.371,4297.64,46,6
214.4,3895.47,0.3,4299.38,45,6
214.5,3906.7,0.469,4301.01,47,6
214.6,3909.38,0.213,4303.31,49,6
214.7,3907.56,0.224,4304.72,48,6
214.8,3917.15,0.141,4306.22,49,6
214.9,3919.22,0.1,4308.85,48,6
215.0,3911.32,0.234,4310.52,45,6
215.1,3921.63,0.1,4312.84,47,6
215.2,3916.57,0.306,4314.99,50,6
215.3,3914.51,0.324,4316.91,50,6
215.4,3928.72,0.411,4320.03,47,6
215.5,3927.4,0.1,4323.41,48,6
215.6,3929.96,0.372,4325.14,47,6
215.7,3944.54,0.319,4328.15,47,6
215.8,3941.54,0.135,4331.38,46,6
215.9,3934.78,0.239,4333.97,49,6
216.0,3930.72,0.1,4337.07,47,6
216.1,3924.41,0.205,4339.42,46,6
216.2,3940.16,0.1,4342.12,49,6
216.3,3944.17,0.1,4345.32,48,6
216.4,3937.67,0.451,4348.74,45,6
216.5,3953.1,0.226,4350.52,48,6
216.6,3959.97,0.315,4351.8,47,6
216.7,3962.22,0.25,4354.08,49,6
216.8,3980.12,0.256,4355.87,45,6
216.9,3974.58,0.347,4358.26,50,6
217.0,3967.83,0.293,4361.57,45,6
217.1,3972.21,0.424,4362.81,50,6
217.2,3979.77,0.359,4362.06,45,6
217.3,3976.51,0.432,4364.6,50,6
217.4,3989.01,0.207,4366.66,49,6
217.5,3985.88,0.1,4369.38,50,6
217.6,3993.75,0.452,4372.25,46,6
217.7,3986.06,0.294,4374.69,48,6
217.8,3983.15,0.475,4376.35,48,6
217.9,3998.29,0.434,4379.15,46,6
218.0,4005.8,0.175,4380.52,50,6
218.1,4008.85,0.396,4382.01,49,6
218.2,4012.39,0.394,4384.65,47,6
218.3,4021.06,0.485,4387.98,45,6
218.4,4030.64,0.222,4391.18,49,6
218.5,4022.46,0.456,4394.05,49,6
218.6,4012.59,0.225,4397.52,49,6
218.7,4017.11,0.172,4399.99,48,6
218.8,4016.85,0.394,4401.38,48,6
218.9,4018.94,0.181,4402.97,49,6
219.0,4021.24,0.203,4405.72,50,6
219.1,4016.62,0.34,4408.78,47,6
219.2,4017.57,0.615,4411.16,48,6
219.3,4028.87,0.523,4412.55,50,6
219.4,4020.62,0.523,4413.89,45,6
219.5,4023.94,0.344,4416.47,49,6
219.6,4033.81,0.589,4419.93,46,6
219.7,4042.08,0.703,4422.38,50,6
219.8,4036.07,0.498,4423.67,46,6
219.9,4039.89,0.604,4425.24,48,6
220.0,4052.85,0.438,4423.18,49,6
220.1,4064.7,0.76,4420.62,48,6
220.2,4062.96,0.563,4423.89,49,6
220.3,4062.25,0.559,4425.94,50,6
220.4,4059.53,0.516,4423.49,48,6
220.5,4053.81,0.603,4425.35,49,6
220.6,4060.4,0.69,4427.37,47,6
220.7,4064.79,0.694,4429.61,50,6
220.8,4057.0,0.795,4431.83,47,6
220.9,4067.26,0.638,4435.05,50,6
221.0,4073.03,0.857,4437.13,48,6
221.1,4085.67,0.555,4439.04,45,6
221.2,4087.07,0.827,4440.7,50,6
221.3,4080.59,0.776,4443.88,48,6
221.4,4089.93,0.547,4446.82,46,6
221.5,4101.63,0.639,4449.85,46,6
221.6,4103.02,0.836,4449.0,47,6
221.7,4095.9,0.713,4450.39,50,6
221.8,4087.02,0.735,4452.8,46,6
221.9,4081.48,0.933,4454.19,45,6
222.0,4088.9,0.668,4455.55,48,6
222.1,4095.58,0.68,4458.74,48,6
222.2,4094.48,0.794,4460.06,50,6
222.3,4101.72,0.787,4462.03,45,6
222.4,4093.8,0.907,4463.64,50,6
222.5,4103.32,0.892,4465.45,45,6
222.6,4095.96,0.999,4467.2,45,6
222.7,4100.11,0.754,4469.15,45,6
222.8,4102.07,0.835,4471.26,50,6
222.9,4102.44,1.014,4472.77,46,6
223.0,4089.96,0.656,4474.25,49,6
223.1,4086.52,0.769,4475.63,45,6
223.2,4078.52,0.929,4477.07,49,6
223.3,4066.61,0.606,4479.19,49,6
223.4,4063.11,0.994,4481.23,50,6
223.5,4064.93,1.011,4482.77,46,6
223.6,4076.36,0.635,4485.6,46,6
223.7,4061.82,0.847,4486.94,49,6
223.8,4055.55,0.614,4489.06,50,6
223.9,4064.09,0.606,4492.11,49,6
224.0,4075.64,0.833,4495.56,46,6
224.1,4071.87,0.623,4498.1,47,6
224.2,4073.09,0.749,4500.07,50,6
224.3,4063.28,1.034,4503.48,46,6
224.4,4070.31,0.718,4505.41,45,6
224.5,4066.65,1.031,4506.82,47,6
224.6,4071.05,0.874,4510.03,48,6
224.7,4083.31,0.967,4511.74,46,6
224.8,4070.31,0.793,4513.88,46,6
224.9,4080.3,0.761,4515.67,46,6
225.0,4091.81,1.017,4517.93,49,6
225.1,4097.66,0.645,4516.03,50,6
225.2,4101.44,0.698,4518.41,49,6
225.3,4107.89,0.685,4520.43,46,6
225.4,4103.65,0.75,4523.62,50,6
225.5,4112.4,0.631,4526.54,49,6
225.6,4118.23,0.67,4530.03,46,6
225.7,4108.09,0.902,4532.8,47,6
225.8,4097.84,0.945,4535.9,45,6
225.9,4106.8,0.824,4537.54,50,6
226.0,4098.24,0.729,4540.38,48,6
226.1,4106.13,0.934,4541.68,45,6
226.2,4119.72,0.489,4544.34,48,6
226.3,4131.17,0.795,4547.83,46,6
226.4,4141.69,0.625,4551.27,48,6
226.5,4131.32,0.607,4553.32,45,6
226.6,4125.39,0.672,4554.94,48,6
226.7,4124.99,0.712,4556.89,45,6
226.8,4133.37,0.716,4559.31,46,6
226.9,4129.66,0.743,4557.12,45,6
227.0,4121.27,0.439,4560.24,45,6
227.1,4114.47,0.667,4563.55,46,6
227.2,4105.26,0.43,4565.17,45,6
227.3,4112.98,0.478,4568.22,46,6
227.4,4126.06,0.444,4565.81,47,6
227.5,4132.66,0.46,4568.32,46,6
227.6,4129.49,0.78,4570.68,48,6
227.7,4129.73,0.511,4572.98,48,6
227.8,4137.19,0.523,4574.24,45,6
227.9,4147.89,0.736,4576.27,50,6
228.0,4148.94,0.291,4579.37,50,6
228.1,4156.01,0.395,4581.65,49,6
228.2,4162.2,0.679,4585.14,47,6
228.3,4167.0,0.439,4586.68,49,6
228.4,4162.6,0.497,4588.39,46,6
228.5,4171.16,0.317,4590.08,48,6
228.6,4163.23,0.318,4592.26,50,6
228.7,4162.3,0.241,4595.36,45,6
228.8,4155.51,0.207,4598.43,50,6
228.9,4148.98,0.223,4601.6,47,6
229.0,4161.75,0.182,4600.58,49,6
229.1,4168.55,0.254,4598.36,45,6
229.2,4185.2,0.562,4596.99,50,6
229.3,4194.65,0.249,4599.57,47,6
229.4,4205.38,0.193,4601.54,47,6
229.5,4197.32,0.249,4599.89,48,6
229.6,4211.63,0.504,4597.9,48,6
229.7,4203.82,0.207,4600.47,49,6
229.8,4200.95,0.13,4602.1,49,6
229.9,4197.1,0.515,4604.14,45,6
230.0,4207.57,0.1,4606.66,49,6
230.1,4200.52,0.429,4608.13,45,6
230.2,4206.34,0.1,4611.16,50,6
230.3,4212.2,0.373,4613.09,48,6
230.4,4203.94,0.387,4614.99,47,6
230.5,4205.87,0.145,4617.27,49,6
230.6,4223.22,0.281,4619.21,50,6
230.7,4224.97,0.315,4621.39,47,6
230.8,4240.99,0.399,4624.47,47,6
230.9,4247.45,0.139,4625.96,50,6
231.0,4246.54,0.44,4628.19,50,6
231.1,4240.88,0.28,4629.81,49,6
231.2,4256.32,0.137,4633.11,45,6
231.3,4265.36,0.115,4636.49,45,6
231.4,4268.2,0.346,4638.8,49,6
231.5,4261.67,0.396,4641.56,47,6
231.6,4258.73,0.373,4644.06,49,6
231.7,4248.6,0.191,4641.93,50,6
231.8,4256.84,0.1,4643.91,48,6
231.9,4271.7,0.358,4647.0,45,6
232.0,4276.1,0.231,4650.45,49,6
232.1,4285.8,0.1,4652.95,47,6
232.2,4282.02,0.194,4655.21,46,6
232.3,4278.62,0.45,4653.33,49,6
232.4,4288.88,0.38,4651.36,48,6
232.5,4277.79,0.1,4653.02,48,6
232.6,4283.06,0.465,4655.71,47,6
232.7,4295.5,0.266,4657.48,48,6
232.8,4305.1,0.412,4659.93,49,6
232.9,4298.44,0.319,4663.37,49,6
233.0,4291.14,0.432,4662.12,47,6
233.1,4281.95,0.292,4665.08,45,6
233.2,4288.19,0.318,4668.54,49,6
233.3,4298.79,0.279,4671.66,46,6
233.4,4309.78,0.185,4674.85,45,6
233.5,4302.04,0.409,4677.16,47,6
233.6,4313.6,0.194,4680.24,50,6
233.7,4310.76,0.109,4681.75,45,6
233.8,4307.31,0.505,4685.07,50,6
233.9,4293.5,0.421,4687.17,49,6
234.0,4302.72,0.253,4688.73,46,6
234.1,4312.27,0.478,4688.06,50,6
234.2,4298.77,0.301,4685.74,49,6
234.3,4294.85,0.578,4687.88,47,6
234.4,4286.85,0.174,4689.68,48,6
234.5,4276.26,0.36,4692.22,45,6
234.6,4285.08,0.595,4695.69,49,6
234.7,4275.28,0.409,4698.47,45,6
234.8,4281.57,0.335,4701.93,45,6
234.9,4280.53,0.54,4704.34,47,6
235.0,4271.78,0.264,4707.13,46,6
235.1,4271.97,0.524,4708.36,50,6
235.2,4263.7,0.568,4711.81,48,6
235.3,4274.82,0.387,4715.07,48,6
235.4,4283.47,0.607,4716.31,47,6
235.5,4293.14,0.68,4715.25,45,6
235.6,4297.15,0.407,4718.02,45,6
235.7,4294.18,0.663,4719.27,47,6
235.8,4280.08,0.318,4722.25,46,6
235.9,4287.14,0.622,4720.71,49,6
236.0,4285.12,0.591,4722.26,46,6
236.1,4290.14,0.566,4724.19,47,6
236.2,4277.65,0.587,4726.93,45,6
236.3,4286.14,0.72,4730.37,45,6
236.4,4287.13,0.413,4733.2,45,6
236.5,4291.91,0.447,4735.15,50,6
236.6,4295.96,0.408,4737.43,47,6
236.7,4300.27,0.802,4740.89,47,6
236.8,4307.81,0.435,4743.07,46,6
236.9,4305.38,0.574,4746.03,50,6
237.0,4297.89,0.528,4748.61,47,6
237.1,4306.64,0.856,4751.23,45,6
237.2,4294.28,0.753,4754.38,49,6
237.3,4283.83,0.523,4757.33,45,6
237.4,4282.64,0.924,4759.92,50,6
237.5,4292.79,0.853,4763.23,47,6
237.6,4280.99,0.541,4766.05,45,6
237.7,4287.38,0.722,4763.55,46,6
237.8,4277.27,0.896,4760.95,49,6
237.9,4264.34,0.596,4763.04,50,6
238.0,4273.94,0.812,4765.5,46,6
238.1,4272.56,0.753,4768.22,47,6
238.2,4281.09,0.773,4771.31,46,6
238.3,4294.18,0.749,4773.93,47,6
238.4,4289.67,0.769,4777.08,46,6
238.5,4287.34,0.705,4779.24,50,6
238.6,4279.41,0.915,4781.38,49,6
238.7,4270.75,0.843,4784.15,50,6
238.8,4262.98,0.923,4787.16,47,6
238.9,4277.86,0.686,4788.55,50,6
239.0,4275.7,0.605,4790.83,49,6
239.1,4269.66,0.973,4792.43,50,6
239.2,4266.19,1.01,4794.96,45,6
239.3,4279.65,0.808,4796.48,47,6
239.4,4272.73,0.929,4797.75,45,6
239.5,4263.33,0.951,4800.45,46,6
239.6,4259.19,1.033,4798.25,50,6
239.7,4258.41,0.639,4799.91,47,6
239.8,4264.7,0.856,4798.81,45,6
239.9,4274.68,0.699,4797.63,47,6
240.0,4276.48,0.799,4799.73,50,6
240.1,4277.81,1.032,4802.97,47,6
240.2,4270.54,0.962,4805.66,48,6
240.3,4273.72,1.023,4804.95,47,6
240.4,4282.9,1.034,4808.06,48,6
240.5,4294.36,0.684,4809.28,47,6
240.6,4288.57,0.763,4807.55,49,6
240.7,4290.98,0.978,4808.99,46,6
240.8,4287.87,0.832,4806.97,50,6
240.9,4283.85,0.893,4805.98,50,6
241.0,4299.41,0.862,4807.49,47,6
241.1,4311.25,0.876,4810.11,46,6
241.2,4306.58,0.66,4813.27,49,6
241.3,4301.65,0.704,4814.75,49,6
241.4,4312.87,0.653,4817.72,45,6
241.5,4312.97,0.554,4819.45,48,6
241.6,4304.9,0.871,4821.21,47,6
241.7,4305.06,0.724,4824.03,49,6
241.8,4307.07,0.917,4827.29,47,6
241.9,4322.72,0.498,4828.61,48,6
242.0,4318.03,0.771,4831.33,48,6
242.1,4333.59,0.787,4832.76,47,6
242.2,4338.51,0.56,4834.34,50,6
242.3,4348.91,0.732,4835.64,46,6
242.4,4362.09,0.621,4838.97,46,6
242.5,4367.41,0.661,4837.46,47,6
242.6,4373.35,0.727,4835.46,48,6
242.7,4366.22,0.67,4836.82,48,6
242.8,4382.09,0.759,4840.24,48,6
242.9,4381.11,0.543,4842.93,50,6
243.0,4390.51,0.392,4844.48,48,6
243.1,4399.64,0.663,4846.57,47,6
243.2,4397.16,0.708,4848.67,49,6
243.3,4408.91,0.42,4851.26,46,6
243.4,4404.86,0.727,4854.69,48,6
243.5,4396.81,0.716,4857.74,47,6
243.6,4403.3,0.496,4860.87,48,6
243.7,4414.62,0.686,4858.31,48,6
243.8,4420.27,0.619,4859.89,48,6
243.9,4411.89,0.463,4862.99,50,6
244.0,4420.06,0.261,4865.88,47,6
244.1,4427.79,0.333,4867.96,47,6
244.2,4443.67,0.298,4869.9,49,6
244.3,4447.85,0.63,4871.57,49,6
244.4,4460.87,0.535,4874.02,47,6
244.5,4473.49,0.576,4875.83,50,6
244.6,4468.16,0.231,4877.84,47,6
244.7,4476.03,0.429,4880.91,49,6
244.8,4485.5,0.476,4882.97,50,6
244.9,4491.4,0.216,4884.81,49,6
245.0,4482.72,0.208,4884.11,50,6
245.1,4491.77,0.404,4885.6,45,6
245.2,4498.5,0.456,4888.03,47,6
245.3,4513.23,0.391,4885.48,48,6
245.4,4510.27,0.246,4883.59,50,6
245.5,4508.79,0.189,4881.86,46,6
245.6,4506.01,0.164,4883.68,45,6
245.7,4495.27,0.145,4885.51,46,6
245.8,4490.02,0.407,4884.72,48,6
245.9,4502.76,0.286,4886.09,49,6
246.0,4513.36,0.375,4887.33,46,6
246.1,4522.32,0.327,4889.29,50,6
246.2,4522.75,0.1,4892.11,45,6
246.3,4529.63,0.225,4895.17,48,6
246.4,4522.5,0.341,4896.79,49,6
246.5,4514.25,0.462,4899.92,49,6
246.6,4500.37,0.129,4902.17,48,6
246.7,4489.6,0.148,4905.31,47,6
246.8,4491.18,0.235,4906.89,48,6
246.9,4482.51,0.22,4908.83,46,6
247.0,4484.25,0.347,4910.21,47,6
247.1,4478.85,0.3,4913.09,48,6
247.2,4467.16,0.24,4916.36,47,6
247.3,4469.34,0.297,4919.27,46,6
247.4,4469.26,0.1,4922.4,50,6
247.5,4457.37,0.192,4924.22,45,6
247.6,4450.0,0.338,4926.89,48,6
247.7,4448.89,0.1,4929.05,48,6
247.8,4445.43,0.299,4930.56,45,6
247.9,4434.3,0.203,4932.41,47,6
248.0,4426.83,0.441,4933.78,50,6
248.1,4427.76,0.307,4936.78,46,6
248.2,4430.57,0.273,4933.8,49,6
248.3,4417.24,0.137,4935.36,49,6
248.4,4428.26,0.24,4937.29,48,6
248.5,4435.29,0.339,4935.76,49,6
248.6,4435.35,0.466,4937.8,45,6
248.7,4431.51,0.184,4939.26,46,6
248.8,4443.6,0.225,4942.19,45,6
248.9,4441.25,0.1,4943.47,50,6
249.0,4451.32,0.315,4945.27,49,6
249.1,4445.04,0.398,4947.85,50,6
249.2,4439.12,0.343,4949.24,49,6
249.3,4445.68,0.412,4951.47,46,6
249.4,4452.41,0.1,4954.91,45,6
249.5,4459.49,0.156,4956.38,45,6
249.6,4446.8,0.15,4958.31,48,6
249.7,4451.49,0.162,4959.73,48,6
249.8,4455.23,0.397,4957.42,46,6
249.9,4461.59,0.348,4958.77,45,6
250.0,4452.99,0.163,4960.38,47,6
250.1,4452.23,0.356,4963.63,49,6
250.2,4464.99,0.533,4965.74,49,6
250.3,4473.86,0.386,4967.39,48,6
250.4,4465.83,0.337,4970.56,46,6
250.5,4476.08,0.311,4973.95,47,6
250.6,4467.15,0.442,4975.26,46,6
250.7,4466.04,0.524,4978.3,50,6
250.8,4456.08,0.23,4979.52,50,6
250.9,4446.73,0.245,4981.89,45,6
251.0,4459.95,0.497,4985.39,48,6
251.1,4456.1,0.59,4988.55,49,6
251.2,4460.18,0.45,4991.47,47,6
251.3,4464.64,0.666,4993.18,48,6
251.4,4478.49,0.409,4995.59,50,6
251.5,4487.72,0.352,4997.91,48,6
251.6,4483.67,0.748,4999.5,46,6
251.7,4492.91,0.663,5001.82,45,6
251.8,4502.99,0.768,5005.12,49,6
251.9,4500.95,0.401,5007.66,50,6
252.0,4489.93,0.611,5006.83,48,6
252.1,4490.52,0.437,5005.39,48,6
252.2,4494.73,0.419,5007.31,46,6
252.3,4498.22,0.627,5009.81,46,6
252.4,4490.45,0.714,5012.54,50,6
252.5,4489.26,0.552,5015.48,47,6
252.6,4497.67,0.449,5017.03,49,6
252.7,4490.97,0.596,5020.37,49,6
252.8,4485.38,0.874,5022.51,47,6
252.9,4492.01,0.517,5025.65,49,6
253.0,4497.44,0.832,5027.44,46,6
253.1,4507.56,0.86,5026.48,47,6
253.2,4516.41,0.547,5025.33,50,6
253.3,4527.38,0.901,5027.04,47,6
253.4,4530.78,0.532,5028.87,47,6
253.5,4540.88,0.76,5031.06,45,6
253.6,4552.5,0.659,5030.11,45,6
253.7,4565.76,0.891,5032.08,48,6
253.8,4583.31,0.571,5033.51,50,6
253.9,4590.51,0.629,5035.1,45,6
254.0,4590.8,0.713,5037.07,46,6
254.1,4608.72,0.935,5040.25,50,6
254.2,4606.73,0.759,5043.74,45,6
254.3,4604.18,0.749,5047.11,45,6
254.4,4605.73,0.688,5050.48,48,6
254.5,4604.12,0.589,5052.62,45,6
254.6,4621.38,0.989,5055.88,50,6
254.7,4620.01,0.908,5058.04,46,6
254.8,4631.38,0.91,5060.42,46,6
254.9,4626.7,0.797,5063.72,50,6
255.0,4623.18,0.706,5065.44,50,6
